source_file,file_size_bytes,format_profile,parsed_rows,valid_start_rows,invalid_start_rows,min_start,max_start,distinct_dates,audit_status
195JourneyDataExtract01Jan2020-07Jan2020.csv,15419287,day_first,126801,126801,0,2020-01-01 00:00:00,2020-01-07 23:53:00,7,PASS
196JourneyDataExtract08Jan2020-14Jan2020.csv,19645529,day_first,161806,161806,0,2020-01-08 00:00:00,2020-01-14 23:54:00,7,PASS
197JourneyDataExtract15Jan2020-21Jan2020.csv,20368155,day_first,167717,167717,0,2020-01-15 00:00:00,2020-01-21 23:56:00,7,PASS
198JourneyDataExtract22Jan2020-28Jan2020.csv,19865444,day_first,163763,163763,0,2020-01-22 00:00:00,2020-01-28 23:54:00,7,PASS
199JourneyDataExtract29Jan2020-04Feb2020.csv,21348710,day_first,175811,175811,0,2020-01-29 00:00:00,2020-02-04 23:54:00,7,PASS
200JourneyDataExtract05Feb2020-11Feb2020.csv,19763943,day_first,163005,163005,0,2020-02-05 00:00:00,2020-02-11 23:55:00,7,PASS
201JourneyDataExtract12Feb2020-18Feb2020.csv,17674634,day_first,145764,145764,0,2020-02-12 00:00:00,2020-02-18 23:54:00,7,PASS
202JourneyDataExtract19Feb2020-25Feb2020.csv,18660079,day_first,153678,153678,0,2020-02-19 00:00:00,2020-02-25 23:51:00,7,PASS
203JourneyDataExtract26Feb2020-03Mar2020.csv,18322079,day_first,150854,150854,0,2020-02-26 00:00:00,2020-03-03 23:56:00,7,PASS
204JourneyDataExtract04Mar2020-10Mar2020.csv,18599682,day_first,153038,153038,0,2020-03-04 00:00:00,2020-03-10 23:54:00,7,PASS
205JourneyDataExtract11Mar2020-17Mar2020.csv,18967236,day_first,155905,155905,0,2020-03-11 00:00:00,2020-03-17 23:55:00,7,PASS
206JourneyDataExtract18Mar2020-24Mar2020.csv,12090727,day_first,98833,98833,0,2020-03-18 00:00:00,2020-03-24 23:52:00,7,PASS
207JourneyDataExtract25Mar2020-31Mar2020.csv,8370725,day_first,68184,68184,0,2020-03-25 00:01:00,2020-03-31 23:54:00,7,PASS
208JourneyDataExtract01Apr2020-07Apr2020.csv,12937236,day_first,105147,105147,0,2020-04-01 00:01:00,2020-04-07 23:51:00,7,PASS
209JourneyDataExtract08Apr2020-14Apr2020.csv,18696194,day_first,151924,151924,0,2020-04-08 00:02:00,2020-04-14 23:50:00,7,PASS
210JourneyDataExtract15Apr2020-21Apr2020.csv,17285221,day_first,140478,140478,0,2020-04-15 00:01:00,2020-04-21 23:53:00,7,PASS
211JourneyDataExtract22Apr2020-28Apr2020.csv,20332774,day_first,164952,164952,0,2020-04-22 00:01:00,2020-04-28 23:49:00,7,PASS
212JourneyDataExtract29Apr2020-05May2020.csv,16627989,day_first,135274,135274,0,2020-04-29 00:01:00,2020-05-05 23:47:00,7,PASS
213JourneyDataExtract06May2020-12May2020.csv,24146911,day_first,196059,196059,0,2020-05-06 00:00:00,2020-05-12 23:53:00,7,PASS
214JourneyDataExtract13May2020-19May2020.csv,27695680,day_first,224684,224684,0,2020-05-13 00:00:00,2020-05-19 23:55:00,7,PASS
215JourneyDataExtract20May2020-26May2020.csv,38568935,day_first,312668,312668,0,2020-05-20 00:00:00,2020-05-26 23:57:00,7,PASS
216JourneyDataExtract27May2020-02Jun2020.csv,41485270,day_first,335957,335957,0,2020-05-27 00:00:00,2020-06-02 23:53:00,7,PASS
217JourneyDataExtract03Jun2020-09Jun2020.csv,26302903,day_first,214151,214151,0,2020-06-03 00:00:00,2020-06-09 23:55:00,7,PASS
218JourneyDataExtract10Jun2020-16Jun2020.csv,32291885,day_first,262603,262603,0,2020-06-10 00:00:00,2020-06-16 23:53:00,7,PASS
219JourneyDataExtract17Jun2020-23Jun2020.csv,35017079,day_first,284787,284787,0,2020-06-17 00:00:00,2020-06-23 23:56:00,7,PASS
220JourneyDataExtract24Jun2020-30Jun2020.csv,36303613,day_first,295329,295329,0,2020-06-24 00:00:00,2020-06-30 23:57:00,7,PASS
221JourneyDataExtract01Jul2020-07Jul2020.csv,30418287,day_first,248199,248199,0,2020-07-01 00:02:00,2020-07-07 23:49:00,7,PASS
222JourneyDataExtract08Jul2020-14Jul2020.csv,31158795,day_first,254147,254147,0,2020-07-08 00:00:00,2020-07-14 23:55:00,7,PASS
223JourneyDataExtract15Jul2020-21Jul2020.csv,34845243,day_first,284334,284334,0,2020-07-15 00:00:00,2020-07-21 23:55:00,7,PASS
224JourneyDataExtract22Jul2020-28Jul2020.csv,29391941,day_first,239875,239875,0,2020-07-22 00:00:00,2020-07-28 23:56:00,7,PASS
225JourneyDataExtract29Jul2020-04Aug2020.csv,36461301,day_first,294987,294987,0,2020-07-29 00:00:00,2020-08-04 23:55:00,7,PASS
226JourneyDataExtract05Aug2020-11Aug2020.csv,36837679,day_first,298077,298077,0,2020-08-05 00:00:00,2020-08-11 23:53:00,7,PASS
227JourneyDataExtract12Aug2020-18Aug2020.csv,29374606,day_first,238374,238374,0,2020-08-12 00:00:00,2020-08-18 23:54:00,7,PASS
228JourneyDataExtract19Aug2020-25Aug2020.csv,29176117,day_first,236548,236548,0,2020-08-19 00:00:00,2020-08-25 23:54:00,7,PASS
229JourneyDataExtract26Aug2020-01Sep2020.csv,28379269,day_first,230066,230066,0,2020-08-26 00:00:00,2020-09-01 23:54:00,7,PASS
230JourneyDataExtract02Sep2020-08Sep2020.csv,30710615,day_first,249103,249103,0,2020-09-02 00:00:00,2020-09-08 23:55:00,7,PASS
231JourneyDataExtract09Sep2020-15Sep2020.csv,34971214,day_first,283518,283518,0,2020-09-09 00:00:00,2020-09-15 23:54:00,7,PASS
232JourneyDataExtract16Sep2020-22Sep2020.csv,37934598,day_first,307593,307593,0,2020-09-16 00:00:00,2020-09-22 23:54:00,7,PASS
233JourneyDataExtract23Sep2020-29Sep2020.csv,26806775,day_first,217937,217937,0,2020-09-23 00:00:00,2020-09-29 23:52:00,7,PASS
234JourneyDataExtract30Sep2020-06Oct2020.csv,19515869,day_first,158822,158822,0,2020-09-30 00:00:00,2020-10-06 23:54:00,7,PASS
235JourneyDataExtract07Oct2020-13Oct2020.csv,24783658,day_first,201388,201388,0,2020-10-07 00:00:00,2020-10-13 23:54:00,7,PASS
236JourneyDataExtract14Oct2020-20Oct2020.csv,26841994,day_first,218135,218135,0,2020-10-14 00:00:00,2020-10-20 23:56:00,7,PASS
237JourneyDataExtract21Oct2020-27Oct2020.csv,22700984,day_first,184409,184409,0,2020-10-21 00:00:00,2020-10-27 23:56:00,7,PASS
238JourneyDataExtract28Oct2020-03Nov2020.csv,22377177,day_first,181882,181882,0,2020-10-28 00:00:00,2020-11-03 23:55:00,7,PASS
239JourneyDataExtract04Nov2020-10Nov2020.csv,23786350,day_first,192460,192460,0,2020-11-04 00:00:00,2020-11-10 23:52:00,7,PASS
240JourneyDataExtract11Nov2020-17Nov2020.csv,19014300,day_first,153975,153975,0,2020-11-11 00:01:00,2020-11-17 23:53:00,7,PASS
241JourneyDataExtract18Nov2020-24Nov2020.csv,21536595,day_first,174386,174386,0,2020-11-18 00:00:00,2020-11-24 23:54:00,7,PASS
242JourneyDataExtract25Nov2020-01Dec2020.csv,20995819,day_first,170096,170096,0,2020-11-25 00:00:00,2020-12-01 23:54:00,7,PASS
243JourneyDataExtract02Dec2020-08Dec2020.csv,18870287,day_first,153493,153493,0,2020-12-02 00:00:00,2020-12-08 23:54:00,7,PASS
244JourneyDataExtract09Dec2020-15Dec2020.csv,18942830,day_first,154130,154130,0,2020-12-09 00:00:00,2020-12-15 23:55:00,7,PASS
245JourneyDataExtract16Dec2020-22Dec2020.csv,14495068,day_first,117602,117602,0,2020-12-16 00:00:00,2020-12-22 23:55:00,7,PASS
246JourneyDataExtract23Dec2020-29Dec2020.csv,12678392,day_first,102618,102618,0,2020-12-23 00:00:00,2020-12-29 23:49:00,7,PASS
246JourneyDataExtract30Dec2020-05Jan2021.csv,11485934,day_first,93002,93002,0,2020-12-30 00:01:00,2021-01-05 23:54:00,7,PASS
247JourneyDataExtract06Jan2021-12Jan2021.csv,11384527,day_first,92212,92212,0,2021-01-06 00:01:00,2021-01-12 23:55:00,7,PASS
248JourneyDataExtract13Jan2021-19Jan2021.csv,11267497,day_first,91203,91203,0,2021-01-13 00:01:00,2021-01-19 23:54:00,7,PASS
249JourneyDataExtract20Jan2021-26Jan2021.csv,11763703,day_first,95317,95317,0,2021-01-20 00:00:00,2021-01-26 23:44:00,7,PASS
250JourneyDataExtract27Jan2021-02Feb2021.csv,11316048,day_first,91658,91658,0,2021-01-27 00:00:00,2021-02-02 23:50:00,7,PASS
251JourneyDataExtract03Feb2021-09Feb2021.csv,10132048,day_first,82029,82029,0,2021-02-03 00:00:00,2021-02-09 23:54:00,7,PASS
252JourneyDataExtract10Feb2021-16Feb2021.csv,11036049,day_first,89405,89405,0,2021-02-10 00:00:00,2021-02-16 23:50:00,7,PASS
253JourneyDataExtract17Feb2021-23Feb2021.csv,19053796,day_first,153873,153873,0,2021-02-17 00:00:00,2021-02-23 23:53:00,7,PASS
254JourneyDataExtract24Feb2021-02Mar2021.csv,23442324,day_first,189092,189092,0,2021-02-24 00:00:00,2021-03-02 23:53:00,7,PASS
255JourneyDataExtract03Mar2021-09Mar2021.csv,18602872,day_first,150317,150317,0,2021-03-03 00:00:00,2021-03-09 23:54:00,7,PASS
256JourneyDataExtract10Mar2021-16Mar2021.csv,15703742,day_first,127051,127051,0,2021-03-10 00:00:00,2021-03-16 23:54:00,7,PASS
257JourneyDataExtract17Mar2021-23Mar2021.csv,21988801,day_first,177515,177515,0,2021-03-17 00:00:00,2021-03-23 23:53:00,7,PASS
258JourneyDataExtract24Mar2021-30Mar2021.csv,25650780,day_first,206894,206894,0,2021-03-24 00:00:00,2021-03-30 23:52:00,7,PASS
259JourneyDataExtract31Mar2021-06Apr2021.csv,30104696,day_first,242574,242574,0,2021-03-31 00:00:00,2021-04-06 23:55:00,7,PASS
260JourneyDataExtract07Apr2021-13Apr2021.csv,23757309,day_first,191994,191994,0,2021-04-07 00:00:00,2021-04-13 23:53:00,7,PASS
261JourneyDataExtract14Apr2021-20Apr2021.csv,28756975,day_first,232661,232661,0,2021-04-14 00:00:00,2021-04-20 23:55:00,7,PASS
262JourneyDataExtract21Apr2021-27Apr2021.csv,27919161,day_first,225985,225985,0,2021-04-21 00:00:00,2021-04-27 23:57:00,7,PASS
263JourneyDataExtract28Apr2021-04May2021.csv,22825487,day_first,184910,184910,0,2021-04-28 00:00:00,2021-05-04 23:54:00,7,PASS
264JourneyDataExtract05May2021-11May2021.csv,23809783,day_first,192972,192972,0,2021-05-05 00:00:00,2021-05-11 23:54:00,7,PASS
265JourneyDataExtract12May2021-18May2021.csv,22388924,day_first,181493,181493,0,2021-05-12 00:00:00,2021-05-18 23:53:00,7,PASS
266JourneyDataExtract19May2021-25May2021.csv,22054679,day_first,179008,179008,0,2021-05-19 00:00:00,2021-05-25 23:54:00,7,PASS
267JourneyDataExtract26May2021-01Jun2021.csv,36683455,day_first,296473,296473,0,2021-05-26 00:00:00,2021-06-01 23:55:00,7,PASS
268JourneyDataExtract02Jun2021-08Jun2021.csv,36501745,day_first,295098,295098,0,2021-06-02 00:00:00,2021-06-08 23:57:00,7,PASS
269JourneyDataExtract09Jun2021-15Jun2021.csv,39777199,day_first,321708,321708,0,2021-06-09 00:00:00,2021-06-15 23:55:00,7,PASS
270JourneyDataExtract16Jun2021-22Jun2021.csv,26065286,day_first,211164,211164,0,2021-06-16 00:00:00,2021-06-22 23:54:00,7,PASS
271JourneyDataExtract23Jun2021-29Jun2021.csv,32089935,day_first,259812,259812,0,2021-06-23 00:00:00,2021-06-29 23:54:00,7,PASS
272JourneyDataExtract30Jun2021-06Jul2021.csv,30348555,day_first,245842,245842,0,2021-06-30 00:00:00,2021-07-06 23:55:00,7,PASS
273JourneyDataExtract07Jul2021-13Jul2021.csv,32019922,day_first,259485,259485,0,2021-07-07 00:00:00,2021-07-13 23:53:00,7,PASS
274JourneyDataExtract14Jul2021-20Jul2021.csv,36602064,day_first,296356,296356,0,2021-07-14 00:00:00,2021-07-20 23:56:00,7,PASS
275JourneyDataExtract21Jul2021-27Jul2021.csv,32094762,day_first,260283,260283,0,2021-07-21 00:00:00,2021-07-27 23:54:00,7,PASS
276JourneyDataExtract28Jul2021-03Aug2021.csv,29074101,day_first,235806,235806,0,2021-07-28 00:00:00,2021-08-03 23:58:00,7,PASS
277JourneyDataExtract04Aug2021-10Aug2021.csv,26615268,day_first,215769,215769,0,2021-08-04 00:00:00,2021-08-10 23:54:00,7,PASS
278JourneyDataExtract11Aug2021-17Aug2021.csv,32963994,day_first,266897,266897,0,2021-08-11 00:00:00,2021-08-17 23:54:00,7,PASS
279JourneyDataExtract18Aug2021-24Aug2021.csv,31292398,day_first,253753,253753,0,2021-08-18 00:00:00,2021-08-24 23:54:00,7,PASS
280JourneyDataExtract25Aug2021-31Aug2021.csv,31710907,day_first,256796,256796,0,2021-08-25 00:00:00,2021-08-31 23:54:00,7,PASS
281JourneyDataExtract01Sep2021-07Sep2021.csv,35417157,day_first,286958,286958,0,2021-09-01 00:01:00,2021-09-07 23:53:00,7,PASS
282JourneyDataExtract08Sep2021-14Sep2021.csv,33201671,day_first,269374,269374,0,2021-09-08 00:00:00,2021-09-14 23:55:00,7,PASS
283JourneyDataExtract15Sep2021-21Sep2021.csv,35529448,day_first,288226,288226,0,2021-09-15 00:00:00,2021-09-21 23:53:00,7,PASS
284JourneyDataExtract22Sep2021-28Sep2021.csv,35887310,day_first,290931,290931,0,2021-09-22 00:00:00,2021-09-28 23:54:00,7,PASS
285JourneyDataExtract29Sep2021-05Oct2021.csv,27510168,day_first,223570,223570,0,2021-09-29 00:00:00,2021-10-05 23:54:00,7,PASS
286JourneyDataExtract06Oct2021-12Oct2021.csv,33743417,day_first,273845,273845,0,2021-10-06 00:00:00,2021-10-12 23:54:00,7,PASS
287JourneyDataExtract13Oct2021-19Oct2021.csv,31242221,day_first,253625,253625,0,2021-10-13 00:00:00,2021-10-19 23:54:00,7,PASS
288JourneyDataExtract20Oct2021-26Oct2021.csv,30738361,day_first,249449,249449,0,2021-10-20 00:00:00,2021-10-26 23:55:00,7,PASS
289JourneyDataExtract27Oct2021-02Nov2021.csv,29530295,day_first,239760,239760,0,2021-10-27 00:00:00,2021-11-02 23:56:00,7,PASS
290JourneyDataExtract03Nov2021-09Nov2021.csv,28086291,day_first,228091,228091,0,2021-11-03 00:00:00,2021-11-09 23:56:00,7,PASS
291JourneyDataExtract10Nov2021-16Nov2021.csv,27419362,day_first,222781,222781,0,2021-11-10 00:00:00,2021-11-16 23:56:00,7,PASS
292JourneyDataExtract17Nov2021-23Nov2021.csv,28165904,day_first,228815,228815,0,2021-11-17 00:00:00,2021-11-23 23:54:00,7,PASS
293JourneyDataExtract24Nov2021-30Nov2021.csv,23366555,day_first,190142,190142,0,2021-11-24 00:00:00,2021-11-30 23:56:00,7,PASS
294JourneyDataExtract01Dec2021-07Dec2021.csv,21632058,day_first,176011,176011,0,2021-12-01 00:00:00,2021-12-07 23:54:00,7,PASS
295JourneyDataExtract08Dec2021-14Dec2021.csv,22326536,day_first,181546,181546,0,2021-12-08 00:00:00,2021-12-14 23:56:00,7,PASS
296JourneyDataExtract15Dec2021-21Dec2021.csv,19525869,day_first,158677,158677,0,2021-12-15 00:00:00,2021-12-21 23:58:00,7,PASS
297JourneyDataExtract22Dec2021-28Dec2021.csv,10926360,day_first,88782,88782,0,2021-12-22 00:00:00,2021-12-28 23:51:00,7,PASS
298JourneyDataExtract29Dec2021-04Jan2022.csv,15911582,day_first,128938,128938,0,2021-12-29 00:00:00,2022-01-04 23:54:00,7,PASS
299JourneyDataExtract05Jan2022-11Jan2022.csv,16549727,day_first,134383,134383,0,2022-01-05 00:00:00,2022-01-11 23:54:00,7,PASS
300JourneyDataExtract12Jan2022-18Jan2022.csv,22187177,day_first,180204,180204,0,2022-01-12 00:00:00,2022-01-18 23:57:00,7,PASS
301JourneyDataExtract19Jan2022-25Jan2022.csv,22459511,day_first,182437,182437,0,2022-01-19 00:00:00,2022-01-25 23:56:00,7,PASS
302JourneyDataExtract26Jan2022-01Feb2022.csv,25126821,day_first,203961,203961,0,2022-01-26 00:00:00,2022-02-01 23:56:00,7,PASS
303JourneyDataExtract02Feb2022-08Feb2022.csv,24446191,day_first,198653,198653,0,2022-02-02 00:00:00,2022-02-08 23:54:00,7,PASS
304JourneyDataExtract09Feb2022-15Feb2022.csv,22317143,day_first,181350,181350,0,2022-02-09 00:00:00,2022-02-15 23:55:00,7,PASS
305JourneyDataExtract16Feb2022-22Feb2022.csv,18965795,day_first,154127,154127,0,2022-02-16 00:00:00,2022-02-22 23:54:00,7,PASS
306JourneyDataExtract23Feb2022-01Mar2022.csv,26455214,day_first,214609,214609,0,2022-02-23 00:00:00,2022-03-01 23:51:00,7,PASS
307JourneyDataExtract02Mar2022-08Mar2022.csv,27700799,day_first,225094,225094,0,2022-03-02 00:00:00,2022-03-08 23:55:00,7,PASS
308JourneyDataExtract09Mar2022-15Mar2022.csv,27192038,day_first,220760,220760,0,2022-03-09 00:00:00,2022-03-15 23:55:00,7,PASS
309JourneyDataExtract16Mar2022-22Mar2022.csv,29735757,day_first,241055,241055,0,2022-03-16 00:00:00,2022-03-22 23:55:00,7,PASS
310JourneyDataExtract23Mar2022-29Mar2022.csv,32700384,day_first,265063,265063,0,2022-03-23 00:00:00,2022-03-29 23:56:00,7,PASS
311JourneyDataExtract30Mar2022-05Apr2022.csv,23208417,day_first,188582,188582,0,2022-03-30 00:00:00,2022-04-05 23:56:00,7,PASS
312JourneyDataExtract06Apr2022-12Apr2022.csv,26715932,day_first,216706,216706,0,2022-04-06 00:00:00,2022-04-12 23:57:00,7,PASS
313JourneyDataExtract13Apr2022-19Apr2022.csv,32971835,day_first,266625,266625,0,2022-04-13 00:00:00,2022-04-19 23:55:00,7,PASS
314JourneyDataExtract20Apr2022-26Apr2022.csv,32219175,day_first,261260,261260,0,2022-04-20 00:00:00,2022-04-26 23:54:00,7,PASS
315JourneyDataExtract27Apr2022-03May2022.csv,30843209,day_first,250157,250157,0,2022-04-27 00:00:00,2022-05-03 23:54:00,7,PASS
316JourneyDataExtract04May2022-10May2022.csv,34480431,day_first,279647,279647,0,2022-05-04 00:00:00,2022-05-10 23:55:00,7,PASS
317JourneyDataExtract11May2022-17May2022.csv,33358870,day_first,270609,270609,0,2022-05-11 00:00:00,2022-05-17 23:55:00,7,PASS
318JourneyDataExtract18May2022-24May2022.csv,34242871,day_first,277405,277405,0,2022-05-18 00:00:00,2022-05-24 23:56:00,7,PASS
319JourneyDataExtract25May2022-31May2022.csv,32108255,day_first,260270,260270,0,2022-05-25 00:00:00,2022-05-31 23:54:00,7,PASS
320JourneyDataExtract01Jun2022-07Jun2022.csv,32694877,day_first,264623,264623,0,2022-06-01 00:00:00,2022-06-07 23:56:00,7,PASS
321JourneyDataExtract08Jun2022-14Jun2022.csv,36228063,day_first,293625,293625,0,2022-06-08 00:00:00,2022-06-14 23:58:00,7,PASS
322JourneyDataExtract15Jun2022-21Jun2022.csv,39163722,day_first,317274,317274,0,2022-06-15 00:00:00,2022-06-21 23:55:00,7,PASS
323JourneyDataExtract22Jun2022-28Jun2022.csv,38349768,day_first,310632,310632,0,2022-06-22 00:00:00,2022-06-28 23:57:00,7,PASS
324JourneyDataExtract29Jun2022-05Jul2022.csv,35707750,day_first,289656,289656,0,2022-06-29 00:00:00,2022-07-05 23:55:00,7,PASS
325JourneyDataExtract06Jul2022-12Jul2022.csv,37326061,day_first,312144,312144,0,2022-07-06 00:00:00,2022-07-12 23:56:00,7,PASS
326JourneyDataExtract13Jul2022-19Jul2022.csv,36981610,day_first,299621,299621,0,2022-07-13 00:00:00,2022-07-19 23:58:00,7,PASS
327JourneyDataExtract20Jul2022-26Jul2022.csv,34926148,day_first,283364,283364,0,2022-07-20 00:00:00,2022-07-26 23:54:00,7,PASS
328JourneyDataExtract27Jul2022-02Aug2022.csv,34947799,day_first,283640,283640,0,2022-07-27 00:00:00,2022-08-02 23:55:00,7,PASS
329JourneyDataExtract03Aug2022-09Aug2022.csv,36480680,day_first,295626,295626,0,2022-08-03 00:00:00,2022-08-09 23:56:00,7,PASS
330JourneyDataExtract10Aug2022-16Aug2022.csv,34528128,day_first,279825,279825,0,2022-08-10 00:00:00,2022-08-16 23:57:00,7,PASS
331JourneyDataExtract17Aug2022-23Aug2022.csv,37616877,day_first,304858,304858,0,2022-08-17 00:00:00,2022-08-23 23:55:00,7,PASS
332JourneyDataExtract24Aug2022-30Aug2022.csv,30467708,day_first,246450,246450,0,2022-08-24 00:00:00,2022-08-30 23:55:00,7,PASS
333JourneyDataExtract31Aug2022-06Sep2022.csv,31274485,day_first,253601,253601,0,2022-08-31 00:00:00,2022-09-06 23:55:00,7,PASS
334JourneyDataExtract07Sep2022-11Sep2022.csv,11489789,day_first,93453,93453,0,2022-09-07 00:00:00,2022-09-11 23:58:00,5,PASS
335JourneyDataExtract12Sep2022-18Sep2022.csv,29673853,iso,178494,178494,0,2022-09-12 05:02:00,2022-09-19 00:00:00,8,PASS
336JourneyDataExtract19Sep2022-25Sep2022.csv,31009404,iso,186434,186434,0,2022-09-19 00:00:00,2022-09-26 00:00:00,8,PASS
337JourneyDataExtract26Sep2022-02Oct2022.csv,28783388,iso,173300,173300,0,2022-09-26 00:00:00,2022-10-02 23:59:00,7,PASS
338JourneyDataExtract03Oct2022-09Oct2022.csv,34030592,iso,204517,204517,0,2022-10-03 00:00:00,2022-10-09 23:59:00,7,PASS
339JourneyDataExtract10Oct2022-16Oct2022.csv,32444840,iso,194928,194928,0,2022-10-10 00:00:00,2022-10-16 23:59:00,7,PASS
340JourneyDataExtract17Oct2022-23Oct2022.csv,30625247,iso,184097,184097,0,2022-10-17 00:00:00,2022-10-23 23:57:00,7,PASS
341JourneyDataExtract24Oct2022-30Oct2022.csv,33731445,iso,202605,202605,0,2022-10-24 00:01:00,2022-10-31 00:00:00,8,PASS
342JourneyDataExtract31Oct2022-06Nov2022.csv,26015526,iso,156440,156440,0,2022-10-31 00:00:00,2022-11-06 23:59:00,7,PASS
343JourneyDataExtract07Nov2022-13Nov2022.csv,32925841,iso,197950,197950,0,2022-11-07 00:00:00,2022-11-13 23:59:00,7,PASS
344JourneyDataExtract14Nov2022-20Nov2022.csv,26242728,iso,157910,157910,0,2022-11-14 00:00:00,2022-11-20 23:59:00,7,PASS
345JourneyDataExtract21Nov2022-27Nov2022.csv,26331780,iso,158545,158545,0,2022-11-21 00:00:00,2022-11-27 23:59:00,7,PASS
346JourneyDataExtract28Nov2022-04Dec2022.csv,27125351,iso,163363,163363,0,2022-11-28 00:00:00,2022-12-04 23:59:00,7,PASS
347JourneyDataExtract05Dec2022-11Dec2022.csv,23948166,iso,144228,144228,0,2022-12-05 00:00:00,2022-12-11 23:59:00,7,PASS
348JourneyDataExtract12Dec2022-18Dec2022.csv,16265404,iso,97901,97901,0,2022-12-12 00:00:00,2022-12-18 23:59:00,7,PASS
349JourneyDataExtract19Dec2022-25Dec2022.csv,15864800,iso,95407,95407,0,2022-12-19 00:00:00,2022-12-26 00:00:00,8,PASS
350JourneyDataExtract26Dec2022-01Jan2023.csv,9833086,iso,58958,58958,0,2022-12-26 00:00:00,2023-01-01 23:58:00,7,PASS
351JourneyDataExtract02Jan2023-08Jan2023.csv,16412374,iso,98609,98609,0,2023-01-02 00:00:00,2023-01-08 23:59:00,7,PASS
352JourneyDataExtract09Jan2023-15Jan2023.csv,22413755,iso,134869,134869,0,2023-01-09 00:00:00,2023-01-15 23:59:00,7,PASS
353JourneyDataExtract16Jan2023-22Jan2023.csv,23070859,iso,138811,138811,0,2023-01-16 00:01:00,2023-01-22 23:59:00,7,PASS
354JourneyDataExtract23Jan2023-29Jan2023.csv,23151665,iso,139358,139358,0,2023-01-23 00:00:00,2023-01-29 23:59:00,7,PASS
355JourneyDataExtract30Jan2023-05Feb2023.csv,25852638,iso,155446,155446,0,2023-01-30 00:00:00,2023-02-05 23:57:00,7,PASS
356JourneyDataExtract06Feb2023-12Feb2023.csv,25676484,iso,154506,154506,0,2023-02-06 00:00:00,2023-02-13 00:00:00,8,PASS
357JourneyDataExtract13Feb2023-19Feb2023.csv,26003825,iso,156333,156333,0,2023-02-13 00:00:00,2023-02-20 00:00:00,8,PASS
358JourneyDataExtract20Feb2023-26Feb2023.csv,24568401,iso,147892,147892,0,2023-02-20 00:00:00,2023-02-26 23:59:00,7,PASS
359JourneyDataExtract27Feb2023-05Mar2023.csv,24601185,iso,148038,148038,0,2023-02-27 00:00:00,2023-03-06 00:00:00,8,PASS
360JourneyDataExtract06Mar2023-12Mar2023.csv,19712336,iso,118541,118541,0,2023-03-06 00:00:00,2023-03-12 23:59:00,7,PASS
361JourneyDataExtract13Mar2023-19Mar2023.csv,26377067,iso,158548,158548,0,2023-03-13 00:00:00,2023-03-19 23:59:00,7,PASS
362JourneyDataExtract20Mar2023-26Mar2023.csv,24504182,iso,147469,147469,0,2023-03-20 00:00:00,2023-03-26 23:58:00,7,PASS
363JourneyDataExtract27Mar2023-02Apr2023.csv,22979148,iso,138292,138292,0,2023-03-27 00:00:00,2023-04-02 23:59:00,7,PASS
364JourneyDataExtract03Apr2023-09Apr2023.csv,25094075,iso,150399,150399,0,2023-04-03 00:00:00,2023-04-09 23:59:00,7,PASS
365JourneyDataExtract10Apr2023-16Apr2023.csv,21567595,iso,129528,129528,0,2023-04-10 00:00:00,2023-04-16 23:58:00,7,PASS
366JourneyDataExtract17Apr2023-23Apr2023.csv,27230594,iso,163657,163657,0,2023-04-17 00:00:00,2023-04-23 23:59:00,7,PASS
367JourneyDataExtract24Apr2023-30Apr2023.csv,27895264,iso,167475,167475,0,2023-04-24 00:00:00,2023-04-30 23:59:00,7,PASS
368JourneyDataExtract01May2023-07May2023.csv,28346328,iso,170083,170083,0,2023-05-01 00:00:00,2023-05-08 00:00:00,8,PASS
369JourneyDataExtract08May2023-14May2023.csv,27967967,iso,167891,167891,0,2023-05-08 00:00:00,2023-05-15 00:00:00,8,PASS
370JourneyDataExtract15May2023-21May2023.csv,33267715,iso,199815,199815,0,2023-05-15 00:00:00,2023-05-21 23:59:00,7,PASS
371JourneyDataExtract22May2023-28May2023.csv,34374654,iso,206323,206323,0,2023-05-22 00:00:00,2023-05-28 23:59:00,7,PASS
372JourneyDataExtract29May2023-04Jun2023.csv,30670181,iso,183734,183734,0,2023-05-29 00:00:00,2023-06-04 23:59:00,7,PASS
373JourneyDataExtract05Jun2023-11Jun2023.csv,33531082,iso,201284,201284,0,2023-06-05 00:00:00,2023-06-11 23:59:00,7,PASS
374JourneyDataExtract12Jun2023-18Jun2023.csv,34641049,iso,207960,207960,0,2023-06-12 00:00:00,2023-06-19 00:00:00,8,PASS
375JourneyDataExtract19Jun2023-30Jun2023.csv,61148397,iso,367261,367261,0,2023-06-19 00:00:00,2023-07-01 00:00:00,13,PASS
376JourneyDataExtract01Jul2023-14Jul2023.csv,63598935,iso,382286,382286,0,2023-07-01 00:00:00,2023-07-14 23:59:00,14,PASS
377JourneyDataExtract15Jul2023-31Jul2023.csv,70633191,iso,424466,424466,0,2023-07-15 00:00:00,2023-07-31 23:58:00,17,PASS
378JourneyDataExtract01Aug2023-14Aug2023.csv,56813151,iso,341376,341376,0,2023-08-01 00:00:00,2023-08-14 23:59:00,14,PASS
378JourneyDataExtract15Aug2023-31Aug2023.csv,72448753,iso,435151,435151,0,2023-08-15 00:00:00,2023-08-31 23:59:00,17,PASS
379JourneyDataExtract01Sep2023-14Sep2023.csv,67233147,iso,404062,404062,0,2023-09-01 00:00:00,2023-09-15 00:00:00,15,PASS
380JourneyDataExtract15Sep2023-30Sep2023.csv,73394524,iso,441257,441257,0,2023-09-15 00:00:00,2023-10-01 00:00:00,17,PASS
381JourneyDataExtract01Oct2023-14Oct2023.csv,67159210,iso,403600,403600,0,2023-10-01 00:00:00,2023-10-15 00:00:00,15,PASS
382JourneyDataExtract15Oct2023-31Oct2023.csv,63783003,iso,383804,383804,0,2023-10-15 00:00:00,2023-11-01 00:00:00,18,PASS
383JourneyDataExtract01Nov2023-14Nov2023.csv,50152156,iso,301885,301885,0,2023-11-01 00:00:00,2023-11-15 00:00:00,15,PASS
384JourneyDataExtract15Nov2023-30Nov2023.csv,59996947,iso,361446,361446,0,2023-11-15 00:00:00,2023-11-30 23:59:00,16,PASS
385JourneyDataExtract01Dec2023-14Dec2023.csv,43722320,iso,263515,263515,0,2023-12-01 00:00:00,2023-12-15 00:00:00,15,PASS
386JourneyDataExtract15Dec2023-31Dec2023.csv,34807868,iso,209428,209428,0,2023-12-15 00:00:00,2023-12-31 23:59:00,17,PASS
387JourneyDataExtract01Jan2024-14Jan2024.csv,35288315,iso,212582,212582,0,2024-01-01 00:01:00,2024-01-14 23:59:00,14,PASS
388JourneyDataExtract15Jan2024-31Jan2024.csv,57269302,iso,345145,345145,0,2024-01-15 00:00:00,2024-01-31 23:59:00,17,PASS
389JourneyDataExtract01Feb2024-14Feb2024.csv,45206863,iso,272325,272325,0,2024-02-01 00:00:00,2024-02-14 23:59:00,14,PASS
390JourneyDataExtract15Feb2024-29Feb2024.csv,48976464,iso,294935,294935,0,2024-02-15 00:02:00,2024-02-29 23:59:00,15,PASS
391JourneyDataExtract01Mar2024-14Mar2024.csv,47091544,iso,283649,283649,0,2024-03-01 00:00:00,2024-03-14 23:59:00,14,PASS
392JourneyDataExtract15Mar2024-31Mar2024.csv,60214297,iso,362360,362360,0,2024-03-15 00:00:00,2024-03-31 23:59:00,17,PASS
393JourneyDataExtract01Apr2024-14Apr2024.csv,52458827,iso,315422,315422,0,2024-04-01 00:00:00,2024-04-14 23:58:00,14,PASS
394JourneyDataExtract15Apr2024-30Apr2024.csv,61159381,iso,368229,368229,0,2024-04-15 00:00:00,2024-05-01 00:00:00,17,PASS
395JourneyDataExtract01May2024-14May2024.csv,62311675,iso,374146,374146,0,2024-05-01 00:00:00,2024-05-15 00:00:00,15,PASS
396JourneyDataExtract15May2024-31May2024.csv,74318164,iso,446416,446416,0,2024-05-15 00:00:00,2024-05-31 23:59:00,17,PASS
397JourneyDataExtract01Jun2024-14Jun2024.csv,64348570,iso,386566,386566,0,2024-06-01 00:00:00,2024-06-14 23:59:00,14,PASS
398JourneyDataExtract15Jun2024-30Jun2024.csv,80246008,iso,481348,481348,0,2024-06-15 00:00:00,2024-06-30 23:59:00,16,PASS
399JourneyDataExtract01Jul2024-14Jul2024.csv,60294455,iso,362391,362391,0,2024-07-01 00:00:00,2024-07-15 00:00:00,15,PASS
400JourneyDataExtract15Jul2024-31Jul2024.csv,86421862,iso,518772,518772,0,2024-07-15 00:00:00,2024-07-31 23:59:00,17,PASS
401JourneyDataExtract01Aug2024-14Aug2024.csv,60177559,day_first,411370,411370,0,2024-08-01 00:00:00,2024-08-14 23:59:00,14,PASS
402JourneyDataExtract15Aug2024-26Aug2024.csv,45748958,day_first,312551,312551,0,2024-08-15 00:00:00,2024-08-26 23:59:00,12,PASS
403JourneyDataExtract27Aug2024-17Sep2024.csv,87937845,day_first,602120,602120,0,2024-08-27 00:00:00,2024-09-17 23:59:00,22,PASS
404JourneyDataExtract18Sep2024-30Sep2024.csv,48900744,day_first,335129,335129,0,2024-09-18 00:00:00,2024-09-30 23:59:00,13,PASS
405JourneyDataExtract01Oct2024-14Oct2024.csv,59142204,iso,355446,355446,0,2024-10-01 00:00:00,2024-10-15 00:00:00,15,PASS
406JourneyDataExtract15Oct2024-31Oct2024.csv,79182733,iso,475738,475738,0,2024-10-15 00:00:00,2024-11-01 00:00:00,18,PASS
407JourneyDataExtract01Nov2024-14Nov2024.csv,60654989,iso,364404,364404,0,2024-11-01 00:00:00,2024-11-14 23:59:00,14,PASS
408JourneyDataExtract15Nov2024-30Nov2024.csv,57806300,iso,347508,347508,0,2024-11-15 00:00:00,2024-12-01 00:00:00,17,PASS
409JourneyDataExtract01Dec2024-14Dec2024.csv,47984093,iso,288698,288698,0,2024-12-01 00:00:00,2024-12-15 00:00:00,15,PASS
410JourneyDataExtract15Dec2024-31Dec2024.csv,39585718,iso,237902,237902,0,2024-12-15 00:00:00,2024-12-31 23:59:00,17,PASS
411JourneyDataExtract01Jan2025-14Jan2025.csv,35487380,iso,213400,213400,0,2025-01-01 00:00:00,2025-01-14 23:59:00,14,PASS
412JourneyDataExtract15Jan2025-31Jan2025.csv,58964720,iso,354634,354634,0,2025-01-15 00:01:00,2025-02-01 00:00:00,18,PASS
413JourneyDataExtract01Feb2025-14Feb2025.csv,47516963,iso,285681,285681,0,2025-02-01 00:00:00,2025-02-14 23:59:00,14,PASS
414JourneyDataExtract15Feb2025-28Feb2025.csv,48017777,iso,288603,288603,0,2025-02-15 00:00:00,2025-03-01 00:00:00,15,PASS
415JourneyDataExtract01Mar2025-14Mar2025.csv,58191179,iso,349388,349388,0,2025-03-01 00:00:00,2025-03-14 23:59:00,14,PASS
416JourneyDataExtract15Mar2025-31Mar2025.csv,70889324,iso,425739,425739,0,2025-03-15 00:00:00,2025-04-01 00:00:00,18,PASS
417JourneyDataExtract01Apr2025-14Apr2025.csv,61342484,iso,368361,368361,0,2025-04-01 00:00:00,2025-04-15 00:00:00,15,PASS
418JourneyDataExtract15Apr2025-30Apr2025.csv,65561775,iso,393071,393071,0,2025-04-15 00:00:00,2025-04-30 23:58:00,16,PASS
419JourneyDataExtract01May2025-14May2025.csv,67375769,iso,404002,404002,0,2025-05-01 00:00:00,2025-05-14 23:59:00,14,PASS
420JourneyDataExtract14May2025-31May2025.csv,76007279,iso,455584,455584,0,2025-05-15 00:00:00,2025-06-01 00:00:00,18,PASS
421JourneyDataExtract01Jun2025-15Jun2025.csv,66377215,iso,397655,397655,0,2025-06-01 00:00:00,2025-06-16 00:00:00,16,PASS
422JourneyDataExtract15Jun2025-30Jun2025.csv,76875459,iso,460783,460783,0,2025-06-16 00:00:00,2025-06-30 23:59:00,15,PASS
423JourneyDataExtract01Jul2025-15Jul2025.csv,75928947,iso,455095,455095,0,2025-07-01 00:00:00,2025-07-15 23:59:00,15,PASS
424JourneyDataExtract16Jul2025-31Jul2025.csv,73961902,iso,443593,443593,0,2025-07-16 00:00:00,2025-07-31 23:59:00,16,PASS
425JourneyDataExtract01Aug2025-15Aug2025.csv,65161873,iso,390425,390425,0,2025-08-01 00:00:00,2025-08-16 00:00:00,16,PASS
426JourneyDataExtract16Aug2025-31Aug2025.csv,69219970,iso,414520,414520,0,2025-08-16 00:00:00,2025-09-01 00:00:00,17,PASS
427JourneyDataExtract01Sep2025-15Sep2025.csv,72863288,iso,437252,437252,0,2025-09-01 00:00:00,2025-09-15 23:58:00,15,PASS
428JourneyDataExtract16Sep2025-30Sep2025.csv,71451203,iso,429097,429097,0,2025-09-16 00:00:00,2025-09-30 23:59:00,15,PASS
429JourneyDataExtract01Oct2025-15Oct2025.csv,71897577,iso,431748,431748,0,2025-10-01 00:00:00,2025-10-15 23:59:00,15,PASS
430JourneyDataExtract16Oct2025-31Oct2025.csv,66414073,iso,398859,398859,0,2025-10-16 00:00:00,2025-11-01 00:00:00,17,PASS
431JourneyDataExtract01Nov2025-15Nov2025.csv,62675734,iso,376471,376471,0,2025-11-01 00:00:00,2025-11-16 00:00:00,16,PASS
432JourneyDataExtract16Nov2025-30Nov2025.csv,55943827,iso,336361,336361,0,2025-11-16 00:00:00,2025-11-30 23:59:00,15,PASS
433JourneyDataExtract01Dec2025-15Dec2025.csv,56367054,iso,339106,339106,0,2025-12-01 00:00:00,2025-12-15 23:59:00,15,PASS
434JourneyDataExtract16Dec2025-31Dec2025.csv,36413847,iso,218813,218813,0,2025-12-16 00:00:00,2025-12-31 23:59:00,16,PASS
