start_key,end_key,same_station,trip_count,duration_sum_min,duration_le_3m_count,duration_3_15m_count,duration_gt_15m_count,avg_duration_min,start_station,end_station
eecbf56aadb1806e,690d03718d4188b6,False,20024,677259.5885166666,928,2849,16247,33.8223925547676,"Hyde Park Corner, Hyde Park","Albert Gate, Hyde Park"
690d03718d4188b6,eecbf56aadb1806e,False,17950,606066.5255666665,933,2779,14238,33.76415184215412,"Albert Gate, Hyde Park","Hyde Park Corner, Hyde Park"
eecbf56aadb1806e,f7142868e040f96c,False,17211,490630.8404666664,1,3576,13634,28.5068177599597,"Hyde Park Corner, Hyde Park","Triangle Car Park, Hyde Park"
eecbf56aadb1806e,21ed84e8fe47fcb8,False,16848,440143.3785666669,0,4717,12131,26.124369573045282,"Hyde Park Corner, Hyde Park","Serpentine Car Park, Hyde Park"
ee9ba14cd5681406,74e4ee432d10e937,False,16299,60498.56300000004,5323,10901,75,3.7117959997545884,"Ackroyd Drive, Bow","Maplin Street, Mile End"
f7142868e040f96c,eecbf56aadb1806e,False,15418,420300.2512333333,1,4819,10598,27.260361346045745,"Triangle Car Park, Hyde Park","Hyde Park Corner, Hyde Park"
62e6f4993d600f2a,eecbf56aadb1806e,False,15264,449778.51010000013,0,2396,12868,29.46662146881552,"Black Lion Gate, Kensington Gardens","Hyde Park Corner, Hyde Park"
eecbf56aadb1806e,62e6f4993d600f2a,False,15124,488794.5725666669,0,1760,13364,32.31913333553735,"Hyde Park Corner, Hyde Park","Black Lion Gate, Kensington Gardens"
62e6f4993d600f2a,ceb99a45e6ad9299,False,14843,290786.0990833334,995,7451,6397,19.590790209750953,"Black Lion Gate, Kensington Gardens","Palace Gate, Kensington Gardens"
74e4ee432d10e937,ee9ba14cd5681406,False,14510,56587.996816666695,4995,9381,134,3.89993086262348,"Maplin Street, Mile End","Ackroyd Drive, Bow"
ceb99a45e6ad9299,62e6f4993d600f2a,False,13522,300218.2147499998,124,7231,6167,22.202204906818505,"Palace Gate, Kensington Gardens","Black Lion Gate, Kensington Gardens"
21ed84e8fe47fcb8,eecbf56aadb1806e,False,13392,330037.2351333335,0,4662,8730,24.64435746216648,"Serpentine Car Park, Hyde Park","Hyde Park Corner, Hyde Park"
8568b40c1b06f9a5,3426384f7e12e637,False,12958,101143.61248333332,1,12459,498,7.805495638473014,"Monier Road, Hackney Wick","Stratford Station, Stratford"
9fec329df9cd24b7,abda93ac57960863,False,12799,446862.2697333334,512,1755,10532,34.91384246685939,"Aquatic Centre, Queen Elizabeth Olympic Park","Podium, Queen Elizabeth Olympic Park"
79eabdda41197796,eecbf56aadb1806e,False,12509,447113.5139166667,133,2156,10220,35.74334590428225,"Park Lane , Hyde Park","Hyde Park Corner, Hyde Park"
3426384f7e12e637,8568b40c1b06f9a5,False,12390,98200.4046,1,11988,401,7.925779225181597,"Stratford Station, Stratford","Monier Road, Hackney Wick"
eecbf56aadb1806e,79eabdda41197796,False,12163,428188.9127666667,16,2561,9586,35.20421875907808,"Hyde Park Corner, Hyde Park","Park Lane , Hyde Park"
abda93ac57960863,9fec329df9cd24b7,False,11770,473685.1115666666,587,1884,9299,40.24512417728688,"Podium, Queen Elizabeth Olympic Park","Aquatic Centre, Queen Elizabeth Olympic Park"
eecbf56aadb1806e,a24a40199195277e,False,11415,268202.6738,0,4744,6671,23.495635024091108,"Hyde Park Corner, Hyde Park","Queen's Gate, Kensington Gardens"
9fec329df9cd24b7,8568b40c1b06f9a5,False,10707,89849.77741666666,314,9388,1005,8.391685571744341,"Aquatic Centre, Queen Elizabeth Olympic Park","Monier Road, Hackney Wick"
8568b40c1b06f9a5,9fec329df9cd24b7,False,10667,87297.3831,224,9663,780,8.183873919565015,"Monier Road, Hackney Wick","Aquatic Centre, Queen Elizabeth Olympic Park"
c1af53f88ed4b36d,02f93af202db86e2,False,10446,51437.60678333333,1091,9165,190,4.92414386208437,"Nesham Street, Wapping","Wapping Lane, Wapping"
a24a40199195277e,eecbf56aadb1806e,False,10377,258090.71624999988,0,3914,6463,24.871419124024275,"Queen's Gate, Kensington Gardens","Hyde Park Corner, Hyde Park"
ceb99a45e6ad9299,eecbf56aadb1806e,False,9684,272600.0103166665,0,2088,7596,28.149526055004802,"Palace Gate, Kensington Gardens","Hyde Park Corner, Hyde Park"
62e6f4993d600f2a,690d03718d4188b6,False,9583,247514.15011666663,0,2552,7031,25.828461871717273,"Black Lion Gate, Kensington Gardens","Albert Gate, Hyde Park"
690d03718d4188b6,79eabdda41197796,False,9542,270793.7583833333,0,2794,6748,28.37914047194857,"Albert Gate, Hyde Park","Park Lane , Hyde Park"
79eabdda41197796,f7142868e040f96c,False,9298,252140.93221666658,0,2183,7115,27.11775997167849,"Park Lane , Hyde Park","Triangle Car Park, Hyde Park"
56c4ff241e50682f,a0c147128902d0b3,False,9055,38793.470149999994,2709,6213,133,4.284204323578133,"Barons Court Station, West Kensington","Greyhound Road, Hammersmith"
74e4ee432d10e937,5a41b6050032a9f1,False,8806,53038.56428333335,33,8641,132,6.023002984707398,"Maplin Street, Mile End","Furze Green, Bow"
1076af231f253378,d42922e6a2ebfac7,False,8706,46431.036566666655,2471,5979,256,5.33322267018914,"Riverlight North, Nine Elms","Vauxhall Cross, Vauxhall"
0dbf0f7eed3c98f4,092224cf075d9bdf,False,8637,48690.23670000002,607,7730,300,5.637401493574161,"Binfield Road, Stockwell","Courland Grove, Wandsworth Road"
bb7a033b480ae907,4b83a8a9fbe10ce5,False,8474,79284.77973333334,0,8163,311,9.356240232869169,"Southwick Street, Paddington","Exhibition Road, Knightsbridge"
690d03718d4188b6,62e6f4993d600f2a,False,8388,233023.12205,0,1836,6552,27.780534340724845,"Albert Gate, Hyde Park","Black Lion Gate, Kensington Gardens"
690d03718d4188b6,f7142868e040f96c,False,8096,233984.3169333333,1,1639,6456,28.901224917654805,"Albert Gate, Hyde Park","Triangle Car Park, Hyde Park"
eecbf56aadb1806e,ceb99a45e6ad9299,False,8025,249236.18626666654,0,1555,6470,31.057468693665612,"Hyde Park Corner, Hyde Park","Palace Gate, Kensington Gardens"
02f93af202db86e2,c1af53f88ed4b36d,False,7985,43121.53923333334,908,6853,224,5.40031800041745,"Wapping Lane, Wapping","Nesham Street, Wapping"
cf0ac04cbc139e62,1af3a0e16ad3f9a3,False,7965,67374.39714999999,0,7458,507,8.458806924042685,"Clapham Common Station, Clapham Common","Clapham Common North Side, Clapham Common"
c49052a00f008ed9,cecf732613f566d5,False,7940,33561.37990000001,3301,4516,123,4.2268740428211595,"Parsons Green Station, Parsons Green","St. Peter's Terrace, Fulham"
892eeca8361c3362,66b713600494d704,False,7885,43653.41491666666,727,6870,288,5.53626061086451,"Notting Hill Gate Station, Notting Hill","All Saints Church, Portobello"
d42922e6a2ebfac7,1076af231f253378,False,7867,48471.54633333334,651,6890,326,6.161376170501251,"Vauxhall Cross, Vauxhall","Riverlight North, Nine Elms"
1af3a0e16ad3f9a3,cf0ac04cbc139e62,False,7692,56086.621433333305,6,7314,372,7.291552448431267,"Clapham Common North Side, Clapham Common","Clapham Common Station, Clapham Common"
8ba66342e7a9ec38,9fec329df9cd24b7,False,7683,194776.3390666667,1,3164,4518,25.351599514078707,"Lee Valley VeloPark, Queen Elizabeth Olympic Park","Aquatic Centre, Queen Elizabeth Olympic Park"
cecf732613f566d5,c49052a00f008ed9,False,7604,29459.593083333333,4215,3294,95,3.8742231829738736,"St. Peter's Terrace, Fulham","Parsons Green Station, Parsons Green"
f7142868e040f96c,21ed84e8fe47fcb8,False,7569,216432.1246166667,533,1671,5365,28.59454678513234,"Triangle Car Park, Hyde Park","Serpentine Car Park, Hyde Park"
f7142868e040f96c,79eabdda41197796,False,7566,211324.04720000015,0,1695,5871,27.9307490351573,"Triangle Car Park, Hyde Park","Park Lane , Hyde Park"
da70789dd37a2f9e,f59212b3e6d06949,False,7562,37731.02696666666,824,6598,140,4.989556594375385,"Fulham Broadway, Walham Green","Imperial Road, Sands End"
5a41b6050032a9f1,74e4ee432d10e937,False,7500,45864.03961666666,16,7372,112,6.115205282222221,"Furze Green, Bow","Maplin Street, Mile End"
a0c147128902d0b3,56c4ff241e50682f,False,7471,28264.99786666667,3458,3935,78,3.783295123365904,"Greyhound Road, Hammersmith","Barons Court Station, West Kensington"
21ed84e8fe47fcb8,f7142868e040f96c,False,7440,239924.44085000007,423,1239,5778,32.24790871639786,"Serpentine Car Park, Hyde Park","Triangle Car Park, Hyde Park"
79eabdda41197796,690d03718d4188b6,False,7386,233070.88264999999,5,1617,5764,31.55576531952342,"Park Lane , Hyde Park","Albert Gate, Hyde Park"
690d03718d4188b6,21ed84e8fe47fcb8,False,7346,192523.17116666667,0,2237,5109,26.207891528269354,"Albert Gate, Hyde Park","Serpentine Car Park, Hyde Park"
37ac18565df65487,730e382045666312,False,7295,97865.37955,0,6117,1178,13.415405010281015,"Wormwood Street, Liverpool Street","Waterloo Station 3, Waterloo"
092224cf075d9bdf,0dbf0f7eed3c98f4,False,7257,37409.66683333332,656,6400,201,5.154976826971658,"Courland Grove, Wandsworth Road","Binfield Road, Stockwell"
a24a40199195277e,62e6f4993d600f2a,False,7239,188617.26213333337,0,2473,4766,26.055706884007925,"Queen's Gate, Kensington Gardens","Black Lion Gate, Kensington Gardens"
525a2703c5925107,56c4ff241e50682f,False,7221,35162.96303333333,184,7011,26,4.869542034805891,"Humbolt Road, Fulham","Barons Court Station, West Kensington"
6bb35a21bb52f3ad,eecbf56aadb1806e,False,7203,285947.9610499999,203,1018,5982,39.698453567957785,"Wellington Arch, Hyde Park","Hyde Park Corner, Hyde Park"
9fec329df9cd24b7,8ba66342e7a9ec38,False,7132,194173.5033833334,1,2096,5035,27.225673497382697,"Aquatic Centre, Queen Elizabeth Olympic Park","Lee Valley VeloPark, Queen Elizabeth Olympic Park"
21ed84e8fe47fcb8,62e6f4993d600f2a,False,7074,173902.1940833333,0,2723,4351,24.5832900881161,"Serpentine Car Park, Hyde Park","Black Lion Gate, Kensington Gardens"
bf6e380fe667e869,730e382045666312,False,6974,63896.168216666665,0,6913,61,9.162054519166427,"Newgate Street , St. Paul's","Waterloo Station 3, Waterloo"
469f1e10096ea982,6bb35a21bb52f3ad,False,6845,133151.4376166667,0,3007,3838,19.452364881908938,"Storey's Gate, Westminster","Wellington Arch, Hyde Park"
f7142868e040f96c,62e6f4993d600f2a,False,6778,171205.77624999994,0,2195,4583,25.25904046178813,"Triangle Car Park, Hyde Park","Black Lion Gate, Kensington Gardens"
547d540ffa2b3746,80ca2bafd296fdb5,False,6750,35188.024983333315,455,6183,112,5.213040738271602,"Drayton Gardens, West Chelsea","Gloucester Road Station, South Kensington"
56c4ff241e50682f,41af53271dc35eca,False,6715,22735.20714999998,5654,956,105,3.385734497393891,"Barons Court Station, West Kensington","Charing Cross Hospital, Hammersmith"
730e382045666312,bf6e380fe667e869,False,6627,66584.61798333334,0,6422,205,10.047475174790002,"Waterloo Station 3, Waterloo","Newgate Street , St. Paul's"
f7142868e040f96c,690d03718d4188b6,False,6585,184926.9857666667,0,1892,4693,28.083065416350298,"Triangle Car Park, Hyde Park","Albert Gate, Hyde Park"
abda93ac57960863,8ba66342e7a9ec38,False,6497,163274.85523333336,0,2174,4323,25.130807331588944,"Podium, Queen Elizabeth Olympic Park","Lee Valley VeloPark, Queen Elizabeth Olympic Park"
4b83a8a9fbe10ce5,bb7a033b480ae907,False,6494,72202.53358333335,0,5992,502,11.118345177599839,"Exhibition Road, Knightsbridge","Southwick Street, Paddington"
a4b7aced360ef0e5,8ba66342e7a9ec38,False,6395,126663.87878333338,2102,1591,2702,19.80670504821476,"East Village, Queen Elizabeth Olympic Park","Lee Valley VeloPark, Queen Elizabeth Olympic Park"
e1200139364a3df3,fba0f003c0099586,False,6389,47413.036750000014,400,5619,370,7.42104190796682,"Regent's Row , Haggerston ","Dunston Road , Haggerston"
80ca2bafd296fdb5,547d540ffa2b3746,False,6383,36432.63503333334,280,5976,127,5.7077604626873475,"Gloucester Road Station, South Kensington","Drayton Gardens, West Chelsea"
97937fd2968a1732,c49052a00f008ed9,False,6349,35581.762699999985,40,6234,75,5.60430976531737,"South Park, Sands End","Parsons Green Station, Parsons Green"
4f94141e10596c6b,d42922e6a2ebfac7,False,6330,35381.99385000001,665,5460,205,5.589572488151661,"Riverlight South, Nine Elms","Vauxhall Cross, Vauxhall"
da70789dd37a2f9e,6c72d855f270f8f3,False,6284,47721.95708333334,0,6059,225,7.594200681625293,"Fulham Broadway, Walham Green","Stephendale Road, Sands End"
cf295e90e1c7217d,97937fd2968a1732,False,6280,28346.664433333335,1656,4516,108,4.513800069002124,"Parson's Green , Parson's Green","South Park, Sands End"
730e382045666312,37ac18565df65487,False,6265,91710.01964999999,0,4038,2227,14.638470814046286,"Waterloo Station 3, Waterloo","Wormwood Street, Liverpool Street"
3a948bee52527459,56c4ff241e50682f,False,6195,35045.82685000001,13,6128,54,5.657114907183214,"Rainville Road, Hammersmith","Barons Court Station, West Kensington"
6bb35a21bb52f3ad,62e6f4993d600f2a,False,6183,183004.81376666663,0,606,5577,29.598061421100862,"Wellington Arch, Hyde Park","Black Lion Gate, Kensington Gardens"
1e68e6618dcf321b,8ba66342e7a9ec38,False,6118,221141.44926666672,191,910,5017,36.14603616650322,"Timber Lodge, Queen Elizabeth Olympic Park","Lee Valley VeloPark, Queen Elizabeth Olympic Park"
41af53271dc35eca,56c4ff241e50682f,False,6102,20855.750266666666,4976,1041,85,3.417854845405878,"Charing Cross Hospital, Hammersmith","Barons Court Station, West Kensington"
8ba66342e7a9ec38,abda93ac57960863,False,6094,142663.01694999996,0,2426,3668,23.410406457170982,"Lee Valley VeloPark, Queen Elizabeth Olympic Park","Podium, Queen Elizabeth Olympic Park"
10ae8d279a4f87f8,22bc786fc97337c0,False,6089,29482.94128333334,503,5488,98,4.842000539223738,"Stainsby Road , Poplar","Westferry DLR, Limehouse"
21ed84e8fe47fcb8,79eabdda41197796,False,6064,161732.36700000003,0,1295,4769,26.670904848284966,"Serpentine Car Park, Hyde Park","Park Lane , Hyde Park"
e2d872fdcbcd523e,159f93995c29e618,False,6061,174718.15746666663,0,222,5839,28.826622251553644,"Westminster Pier, Westminster","Tower Gardens , Tower"
62e6f4993d600f2a,21ed84e8fe47fcb8,False,6056,158846.35736666675,0,1884,4172,26.229583448921193,"Black Lion Gate, Kensington Gardens","Serpentine Car Park, Hyde Park"
eecbf56aadb1806e,e6a0fca359674f8b,False,6016,178961.09749999997,0,1223,4793,29.74752285571808,"Hyde Park Corner, Hyde Park","Bayswater Road, Hyde Park"
21ed84e8fe47fcb8,690d03718d4188b6,False,6011,152303.14510000005,0,2188,3823,25.337405606388298,"Serpentine Car Park, Hyde Park","Albert Gate, Hyde Park"
c0ac250cc92ed0c8,7b8a6850975bbdb6,False,6008,29518.126933333344,743,5178,87,4.913136972924991,"Bath Street, St. Luke's","Eagle Wharf Road, Hoxton"
c1af53f88ed4b36d,bd658978b776e391,False,5991,27454.527883333332,1778,4095,118,4.582628590107383,"Nesham Street, Wapping","Reardon Street, Wapping"
66b713600494d704,892eeca8361c3362,False,5972,33034.18176666665,311,5494,167,5.531510677606605,"All Saints Church, Portobello","Notting Hill Gate Station, Notting Hill"
730e382045666312,36a03d6386266888,False,5956,63699.18449999999,0,5744,212,10.694960460040294,"Waterloo Station 3, Waterloo","Queen Street 1, Bank"
37ac18565df65487,2a825a3a386768af,False,5929,48311.15618333331,0,5614,315,8.14828068533198,"Wormwood Street, Liverpool Street","Duke Street Hill, London Bridge"
8ba66342e7a9ec38,a4b7aced360ef0e5,False,5862,134395.8271333333,1514,1679,2669,22.92661670647105,"Lee Valley VeloPark, Queen Elizabeth Olympic Park","East Village, Queen Elizabeth Olympic Park"
be485d48f6f50f96,2a825a3a386768af,False,5858,44636.446033333326,101,5389,368,7.619741555707294,"Curlew Street, Shad Thames","Duke Street Hill, London Bridge"
730e382045666312,72daf644f0c0ca28,False,5851,66315.00046666668,0,5448,403,11.333960086594887,"Waterloo Station 3, Waterloo","Cheapside, Bank"
da70789dd37a2f9e,8049df2ddd6ad598,False,5849,30136.73371666667,720,5007,122,5.152459175357611,"Fulham Broadway, Walham Green","Sandilands Road, Walham Green"
6bb35a21bb52f3ad,f7142868e040f96c,False,5845,144727.2113166666,0,1846,3999,24.760857368120888,"Wellington Arch, Hyde Park","Triangle Car Park, Hyde Park"
0dea6955394268aa,7437977a0ed3aa2a,False,5843,48808.737583333306,1,5567,275,8.353369430657763,"Jubilee Crescent, Cubitt Town","Upper Bank Street, Canary Wharf"
f59212b3e6d06949,da70789dd37a2f9e,False,5832,27956.5106,868,4851,113,4.79364036351166,"Imperial Road, Sands End","Fulham Broadway, Walham Green"
1ac5586c9af9eb75,c4bb28620a091c77,False,5751,21356.11886666667,3839,1837,75,3.7134618095403704,"Hibbert Street, Battersea","Grant Road East, Clapham Junction"
fba0f003c0099586,e1200139364a3df3,False,5751,49069.18386666666,663,4520,568,8.532287231206166,"Dunston Road , Haggerston","Regent's Row , Haggerston "
