ride_date,daily_rides,moving_avg_30d,moving_std_30d,rolling_z_score,needs_review
2020-01-01,10955.0,10955.0,,,False
2020-01-02,18501.0,14728.0,5335.8,0.71,False
2020-01-03,18245.0,15900.3,4284.7,0.55,False
2020-01-04,15506.0,15801.8,3504.0,-0.08,False
2020-01-05,12824.0,15206.2,3313.9,-0.72,False
2020-01-06,23537.0,16594.7,4511.4,1.54,False
2020-01-07,27233.0,18114.4,5755.7,1.58,False
2020-01-08,28046.0,19355.9,6381.6,1.36,False
2020-01-09,26387.0,20137.1,6413.1,0.97,False
2020-01-10,26591.0,20782.5,6381.5,0.91,False
2020-01-11,18023.0,20531.6,6110.9,-0.41,False
2020-01-12,16313.0,20180.1,5952.4,-0.65,False
2020-01-13,23637.0,20446.0,5779.1,0.55,False
2020-01-14,22809.0,20614.8,5588.2,0.39,False
2020-01-15,22276.0,20725.5,5401.9,0.29,False
2020-01-16,26082.0,21060.3,5387.8,0.93,False
2020-01-17,25565.0,21325.3,5329.9,0.8,False
2020-01-18,19579.0,21228.3,5187.2,-0.32,False
2020-01-19,17715.0,21043.4,5105.0,-0.65,False
2020-01-20,28009.0,21391.7,5207.3,1.27,False
2020-01-21,28491.0,21729.7,5306.6,1.27,False
2020-01-22,27501.0,21992.0,5322.9,1.03,False
2020-01-23,28179.0,22261.0,5358.1,1.1,False
2020-01-24,26165.0,22423.7,5300.6,0.71,False
2020-01-25,18001.0,22246.8,5263.8,-0.81,False
2020-01-26,12725.0,21880.6,5485.1,-1.67,False
2020-01-27,23289.0,21932.7,5385.4,0.25,False
2020-01-28,27903.0,22146.0,5403.9,1.07,False
2020-01-29,28724.0,22372.8,5445.3,1.17,False
2020-01-30,27710.0,22550.7,5438.6,0.95,False
2020-01-31,26162.0,23057.6,5012.5,0.62,False
2020-02-01,20062.0,23109.6,4971.5,-0.61,False
2020-02-02,16013.0,23035.2,5062.7,-1.39,False
2020-02-03,28025.0,23452.5,4935.0,0.93,False
2020-02-04,29115.0,23995.6,4610.8,1.11,False
2020-02-05,29444.0,24192.5,4715.5,1.11,False
2020-02-06,29234.0,24259.2,4773.8,1.04,False
2020-02-07,27981.0,24257.0,4772.0,0.78,False
2020-02-08,21546.0,24095.6,4779.4,-0.53,False
2020-02-09,6412.0,23423.0,5739.6,-2.96,True
2020-02-10,21687.0,23545.1,5659.1,-0.33,False
2020-02-11,26701.0,23891.4,5517.4,0.51,False
2020-02-12,27653.0,24025.3,5559.6,0.65,False
2020-02-13,25223.0,24105.7,5558.8,0.2,False
2020-02-14,26277.0,24239.1,5561.4,0.37,False
2020-02-15,9734.0,23694.2,6144.9,-2.27,True
2020-02-16,6427.0,23056.2,6892.0,-2.41,True
2020-02-17,25484.0,23253.1,6873.6,0.32,False
2020-02-18,24966.0,23494.8,6799.2,0.22,False
2020-02-19,24066.0,23363.3,6746.8,0.1,False
2020-02-20,22482.0,23163.0,6678.2,-0.1,False
2020-02-21,24654.0,23068.1,6634.5,0.24,False
2020-02-22,18448.0,22743.8,6613.9,-0.65,False
2020-02-23,13925.0,22335.8,6771.2,-1.24,False
2020-02-24,23309.0,22512.7,6723.2,0.12,False
2020-02-25,26794.0,22981.7,6504.0,0.59,False
2020-02-26,27841.0,23133.4,6564.3,0.72,False
2020-02-27,20180.0,22876.0,6522.1,-0.41,False
2020-02-28,18539.0,22536.5,6472.1,-0.62,False
2020-02-29,12424.0,22026.9,6650.0,-1.44,False
2020-03-01,16660.0,21710.2,6672.5,-0.76,False
2020-03-02,26271.0,21917.2,6715.8,0.65,False
2020-03-03,28939.0,22348.0,6738.5,0.98,False
2020-03-04,23201.0,22187.2,6655.4,0.15,False
2020-03-05,16874.0,21779.2,6591.0,-0.74,False
2020-03-06,27701.0,21721.1,6528.5,0.92,False
2020-03-07,19997.0,21413.2,6378.0,-0.22,False
2020-03-08,14747.0,20972.1,6365.7,-0.98,False
2020-03-09,22650.0,21008.9,6372.3,0.26,False
2020-03-10,27868.0,21724.1,5861.1,1.05,False
2020-03-11,29462.0,21983.2,6028.9,1.24,False
2020-03-12,26608.0,21980.1,6026.4,0.77,False
2020-03-13,25015.0,21892.2,5959.7,0.52,False
2020-03-14,18544.0,21669.6,5955.7,-0.52,False
2020-03-15,13133.0,21231.4,6087.1,-1.33,False
2020-03-16,24117.0,21710.9,5704.7,0.42,False
2020-03-17,19026.0,22130.8,4955.3,-0.63,False
2020-03-18,17228.0,21855.6,4991.8,-0.93,False
2020-03-19,13228.0,21464.4,5195.4,-1.59,False
2020-03-20,13551.0,21113.9,5365.8,-1.41,False
2020-03-21,17313.0,20941.6,5403.2,-0.67,False
2020-03-22,16004.0,20653.2,5429.0,-0.86,False
2020-03-23,11502.0,20421.7,5669.1,-1.57,False
2020-03-24,10007.0,20291.1,5865.6,-1.75,False
2020-03-25,10501.0,19864.2,6099.8,-1.53,False
2020-03-26,10853.0,19332.8,6169.3,-1.37,False
2020-03-27,10900.0,18768.1,6138.9,-1.28,False
2020-03-28,12800.0,18522.1,6227.6,-0.92,False
2020-03-29,7242.0,18145.5,6559.2,-1.66,False
2020-03-30,6918.0,17962.0,6797.6,-1.62,False
2020-03-31,8970.0,17705.7,6990.6,-1.25,False
2020-04-01,9093.0,17133.1,6968.3,-1.15,False
2020-04-02,9778.0,16494.4,6722.7,-1.0,False
2020-04-03,11023.0,16088.4,6671.2,-0.76,False
2020-04-04,21805.0,16252.8,6751.5,0.82,False
2020-04-05,28520.0,16280.1,6800.9,1.8,False
2020-04-06,10438.0,15961.5,6844.5,-0.81,False
2020-04-07,14490.0,15952.9,6846.3,-0.21,False
2020-04-08,13473.0,15647.0,6740.9,-0.32,False
2020-04-09,17250.0,15293.1,6344.2,0.31,False
2020-04-10,26909.0,15208.0,6162.1,1.9,False
2020-04-11,32990.0,15420.7,6659.3,2.64,True
2020-04-12,29104.0,15557.0,6900.0,1.96,False
2020-04-13,17782.0,15531.6,6890.0,0.33,False
2020-04-14,14416.0,15574.4,6878.6,-0.17,False
2020-04-15,17849.0,15365.4,6703.1,0.37,False
2020-04-16,16437.0,15279.1,6670.9,0.17,False
2020-04-17,11066.0,15073.7,6703.6,-0.6,False
2020-04-18,20049.0,15301.1,6754.4,0.7,False
2020-04-19,39432.0,16163.8,8051.4,2.89,True
2020-04-20,17211.0,16160.4,8050.9,0.13,False
2020-04-21,18434.0,16241.4,8061.5,0.27,False
2020-04-22,20866.0,16553.5,8053.0,0.54,False
2020-04-23,23516.0,17003.8,8052.0,0.81,False
2020-04-24,23044.0,17421.9,8028.3,0.7,False
2020-04-25,37525.0,18311.0,8722.6,2.2,True
2020-04-26,38285.0,19223.8,9331.9,2.04,True
2020-04-27,16945.0,19362.0,9264.0,-0.26,False
2020-04-28,4771.0,19279.6,9385.6,-1.55,False
2020-04-29,11284.0,19425.2,9219.7,-0.88,False
2020-04-30,9003.0,19426.3,9218.4,-1.13,False
2020-05-01,14489.0,19606.1,9061.2,-0.56,False
2020-05-02,37796.0,20540.1,9448.9,1.83,False
2020-05-03,26594.0,21059.1,9335.0,0.59,False
2020-05-04,18065.0,20934.4,9349.7,-0.31,False
2020-05-05,18043.0,20585.2,9251.7,-0.27,False
2020-05-06,23027.0,21004.8,9059.1,0.22,False
2020-05-07,26981.0,21421.2,9036.4,0.62,False
2020-05-08,42615.0,22392.6,9694.9,2.09,True
2020-05-09,47475.0,23400.1,10664.1,2.26,True
2020-05-10,23147.0,23274.7,10643.5,-0.01,False
2020-05-11,13182.0,22614.4,10634.4,-0.89,False
2020-05-12,19632.0,22298.7,10575.5,-0.25,False
2020-05-13,16599.0,22259.3,10595.1,-0.53,False
2020-05-14,20165.0,22450.9,10500.0,-0.22,False
2020-05-15,27923.0,22786.7,10508.8,0.49,False
2020-05-16,45561.0,23757.5,11222.9,1.94,False
2020-05-17,50629.0,25076.3,11979.2,2.13,True
2020-05-18,29129.0,25378.9,11962.5,0.31,False
2020-05-19,34678.0,25220.5,11800.3,0.8,False
2020-05-20,42143.0,26051.5,12091.1,1.33,False
2020-05-21,35621.0,26624.4,12124.8,0.74,False
2020-05-22,36321.0,27139.6,12199.8,0.75,False
2020-05-23,40131.0,27693.4,12405.1,1.0,False
2020-05-24,55045.0,28760.1,13332.7,1.97,False
2020-05-25,65924.0,29706.8,14893.3,2.43,True
2020-05-26,37483.0,29680.0,14878.1,0.52,False
2020-05-27,37714.0,30372.3,14747.7,0.5,False
2020-05-28,40077.0,31549.2,14025.3,0.61,False
2020-05-29,44931.0,32670.8,13690.2,0.9,False
2020-05-30,69032.0,34671.7,14476.0,2.37,True
2020-05-31,62001.0,36255.5,14787.4,1.74,False
2020-06-01,37792.0,36255.3,14787.4,0.1,False
2020-06-02,44410.0,36849.2,14743.7,0.51,False
2020-06-03,28425.0,37194.5,14406.0,-0.61,False
2020-06-04,27395.0,37506.3,14074.7,-0.72,False
2020-06-05,28159.0,37677.3,13923.0,-0.68,False
2020-06-06,27293.0,37687.7,13914.8,-0.75,False
2020-06-07,38597.0,37553.8,13885.1,0.08,False
2020-06-08,28414.0,36918.4,13851.5,-0.61,False
2020-06-09,35868.0,37342.5,13608.0,-0.11,False
2020-06-10,16734.0,37460.9,13404.4,-1.55,False
2020-06-11,24369.0,37618.8,13213.7,-1.0,False
2020-06-12,26593.0,37951.9,12784.5,-0.89,False
2020-06-13,63994.0,39412.9,13180.0,1.87,False
2020-06-14,56622.0,40369.5,13357.6,1.22,False
2020-06-15,37420.0,40098.1,13331.2,-0.2,False
2020-06-16,36871.0,39639.5,13192.3,-0.21,False
2020-06-17,26150.0,39540.2,13285.1,-1.01,False
2020-06-18,25307.0,39227.9,13511.6,-1.03,False
2020-06-19,36030.0,39024.1,13512.2,-0.22,False
2020-06-20,63048.0,39938.3,14185.1,1.63,False
2020-06-21,44826.0,40221.8,14195.3,0.32,False
2020-06-22,42331.0,40295.2,14200.5,0.14,False
2020-06-23,47095.0,40030.2,13988.3,0.51,False
2020-06-24,51287.0,39542.3,13292.0,0.88,False
2020-06-25,51518.0,40010.1,13462.9,0.85,False
2020-06-26,50201.0,40426.3,13581.9,0.72,False
2020-06-27,40701.0,40447.1,13581.9,0.02,False
2020-06-28,41483.0,40332.2,13557.2,0.08,False
2020-06-29,32059.0,39099.8,12497.3,-0.56,False
2020-06-30,28080.0,37969.1,11872.8,-0.83,False
2020-07-01,30976.0,37741.9,11941.3,-0.57,False
2020-07-02,27566.0,37180.4,12012.8,-0.8,False
2020-07-03,36823.0,37460.3,11899.0,-0.05,False
2020-07-04,41499.0,37930.5,11765.5,0.3,False
2020-07-05,46462.0,38540.6,11715.8,0.68,False
2020-07-06,33185.0,38737.0,11569.2,-0.48,False
2020-07-07,31688.0,38506.7,11640.6,-0.59,False
2020-07-08,22033.0,38294.0,11887.1,-1.37,False
2020-07-09,25771.0,37957.4,12099.2,-1.01,False
2020-07-10,37631.0,38654.0,11417.5,-0.09,False
2020-07-11,50569.0,39527.3,11288.5,0.98,False
2020-07-12,48852.0,40269.3,11139.5,0.77,False
2020-07-13,34807.0,39296.4,10233.8,-0.44,False
2020-07-14,34484.0,38558.4,9727.0,-0.42,False
2020-07-15,33703.0,38434.5,9765.6,-0.48,False
2020-07-16,36904.0,38435.6,9765.4,-0.16,False
2020-07-17,46044.0,39098.8,9576.0,0.73,False
2020-07-18,55809.0,40115.5,9679.9,1.62,False
2020-07-19,33479.0,40030.5,9728.1,-0.67,False
2020-07-20,38753.0,39220.6,8703.1,-0.05,False
2020-07-21,39642.0,39047.8,8639.2,0.07,False
2020-07-22,40998.0,39003.4,8625.2,0.23,False
2020-07-23,39595.0,38753.4,8490.2,0.1,False
2020-07-24,40360.0,38389.2,8162.0,0.24,False
2020-07-25,24492.0,37488.3,8154.4,-1.59,False
2020-07-26,33701.0,36938.3,7816.9,-0.41,False
2020-07-27,23574.0,36367.4,8150.9,-1.57,False
2020-07-28,37155.0,36223.1,8095.3,0.12,False
2020-07-29,40591.0,36507.5,8093.8,0.5,False
2020-07-30,42509.0,36988.5,8004.0,0.69,False
2020-07-31,42656.0,37377.8,7985.5,0.66,False
2020-08-01,48870.0,38088.0,8030.0,1.34,False
2020-08-02,43451.0,38308.9,8085.0,0.64,False
2020-08-03,36313.0,38136.0,8069.9,-0.23,False
2020-08-04,40597.0,37940.5,7931.0,0.33,False
2020-08-05,42153.0,38239.5,7914.6,0.49,False
2020-08-06,40644.0,38538.0,7827.4,0.27,False
2020-08-07,42749.0,39228.5,7210.6,0.49,False
2020-08-08,46942.0,39934.2,6876.4,1.02,False
2020-08-09,44027.0,40147.4,6901.6,0.56,False
2020-08-10,39476.0,39777.7,6615.2,-0.05,False
2020-08-11,42086.0,39552.1,6407.2,0.4,False
2020-08-12,41424.0,39772.7,6351.9,0.26,False
2020-08-13,33835.0,39751.1,6371.6,-0.93,False
2020-08-14,29903.0,39624.4,6531.7,-1.49,False
2020-08-15,30413.0,39408.0,6729.5,-1.34,False
2020-08-16,32274.0,38949.0,6730.9,-0.99,False
2020-08-17,31651.0,38143.8,6055.4,-1.07,False
2020-08-18,38874.0,38323.6,5991.9,0.09,False
2020-08-19,20438.0,37713.1,6822.2,-2.53,True
2020-08-20,42359.0,37803.7,6866.5,0.66,False
2020-08-21,35081.0,37606.4,6856.6,-0.37,False
2020-08-22,43985.0,37752.8,6946.7,0.9,False
2020-08-23,36746.0,37632.3,6931.3,-0.13,False
2020-08-24,31218.0,37856.5,6592.1,-1.01,False
2020-08-25,26721.0,37623.8,6861.5,-1.59,False
2020-08-26,40662.0,38193.4,6344.7,0.39,False
2020-08-27,23497.0,37738.2,6888.5,-2.07,True
2020-08-28,27368.0,37297.4,7118.9,-1.39,False
2020-08-29,28660.0,36835.8,7217.6,-1.13,False
2020-08-30,34723.0,36571.3,7142.0,-0.26,False
2020-08-31,39293.0,36252.1,6778.0,0.45,False
2020-09-01,35863.0,35999.2,6640.3,-0.02,False
2020-09-02,31369.0,35834.4,6693.4,-0.67,False
2020-09-03,30452.0,35496.2,6700.8,-0.75,False
2020-09-04,35549.0,35276.1,6581.9,0.04,False
2020-09-05,42046.0,35322.8,6626.2,1.01,False
2020-09-06,39424.0,35212.0,6524.7,0.65,False
2020-09-07,32494.0,34730.4,6151.6,-0.36,False
2020-09-08,37769.0,34521.8,5927.5,0.55,False
2020-09-09,38962.0,34504.6,5913.4,0.75,False
2020-09-10,39807.0,34428.7,5826.7,0.92,False
2020-09-11,37908.0,34311.5,5715.4,0.63,False
2020-09-12,46931.0,34748.0,6160.6,1.98,False
2020-09-13,46453.0,35299.7,6446.1,1.73,False
2020-09-14,30737.0,35310.5,6437.9,-0.71,False
2020-09-15,42720.0,35658.7,6549.6,1.08,False
2020-09-16,42794.0,36030.1,6629.9,1.02,False
2020-09-17,41488.0,36117.2,6685.5,0.8,False
2020-09-18,41597.0,36822.5,6061.3,0.79,False
2020-09-19,51025.0,37111.4,6523.2,2.13,True
2020-09-20,47110.0,37512.4,6759.5,1.42,False
2020-09-21,38299.0,37322.8,6650.6,0.15,False
2020-09-22,45280.0,37607.3,6805.8,1.13,False
2020-09-23,30334.0,37577.8,6836.2,-1.06,False
2020-09-24,32603.0,37773.9,6594.2,-0.78,False
2020-09-25,30449.0,37433.5,6702.7,-1.04,False
2020-09-26,33871.0,37779.3,6208.3,-0.63,False
2020-09-27,26326.0,37744.5,6271.1,-1.82,False
2020-09-28,32766.0,37881.4,6108.7,-0.84,False
2020-09-29,31588.0,37776.9,6190.9,-1.0,False
2020-09-30,26883.0,37363.2,6493.3,-1.61,False
2020-10-01,33999.0,37301.1,6517.0,-0.51,False
2020-10-02,12044.0,36656.9,7926.3,-3.11,True
2020-10-03,21596.0,36361.7,8320.5,-1.77,False
2020-10-04,8649.0,35465.1,9739.5,-2.75,True
2020-10-05,25383.0,34909.6,9826.0,-0.97,False
2020-10-06,30268.0,34604.4,9823.2,-0.44,False
2020-10-07,33818.0,34648.6,9816.3,-0.08,False
2020-10-08,28840.0,34350.9,9853.7,-0.56,False
2020-10-09,29028.0,34019.8,9860.4,-0.51,False
2020-10-10,34351.0,33837.9,9800.1,0.05,False
2020-10-11,33626.0,33695.2,9769.9,-0.01,False
2020-10-12,21067.0,32833.1,9702.6,-1.21,False
2020-10-13,20658.0,31973.2,9596.3,-1.18,False
2020-10-14,29237.0,31923.2,9606.9,-0.28,False
2020-10-15,29777.0,31491.8,9393.6,-0.18,False
2020-10-16,33429.0,31179.6,9157.7,0.25,False
2020-10-17,33682.0,30919.4,8963.5,0.31,False
2020-10-18,31112.0,30569.9,8734.3,0.06,False
2020-10-19,28872.0,29831.5,7835.5,-0.12,False
2020-10-20,32026.0,29328.7,7141.8,0.38,False
2020-10-21,17631.0,28639.8,7242.8,-1.52,False
2020-10-22,31619.0,28184.4,6557.6,0.52,False
2020-10-23,31918.0,28237.2,6581.8,0.56,False
2020-10-24,25920.0,28014.4,6541.9,-0.32,False
2020-10-25,27020.0,27900.1,6527.9,-0.13,False
2020-10-26,29201.0,27744.5,6435.6,0.23,False
2020-10-27,21100.0,27570.3,6545.1,-0.99,False
2020-10-28,27399.0,27391.4,6471.1,0.0,False
2020-10-29,21714.0,27062.2,6501.4,-0.82,False
2020-10-30,29095.0,27136.0,6511.8,0.3,False
2020-10-31,22991.0,26769.0,6421.2,-0.59,False
2020-11-01,25245.0,27209.1,5799.6,-0.34,False
2020-11-02,27340.0,27400.5,5701.9,-0.01,False
2020-11-03,28098.0,28048.8,4468.6,0.01,False
2020-11-04,36523.0,28420.2,4696.5,1.73,False
2020-11-05,19531.0,28062.3,4953.0,-1.72,False
2020-11-06,21613.0,27655.4,4965.1,-1.22,False
2020-11-07,39859.0,28022.7,5440.6,2.18,True
2020-11-08,30826.0,28082.7,5461.9,0.5,False
2020-11-09,19719.0,27594.9,5535.7,-1.42,False
2020-11-10,24389.0,27287.0,5444.8,-0.53,False
2020-11-11,23399.0,27364.8,5369.0,-0.74,False
2020-11-12,25541.0,27527.5,5230.9,-0.38,False
2020-11-13,25445.0,27401.1,5234.0,-0.37,False
2020-11-14,15221.0,26915.9,5663.3,-2.07,True
2020-11-15,22362.0,26547.0,5584.3,-0.75,False
2020-11-16,18897.0,26054.2,5585.3,-1.28,False
2020-11-17,23110.0,25787.5,5526.2,-0.48,False
2020-11-18,22740.0,25583.1,5521.6,-0.51,False
2020-11-19,20221.0,25189.6,5466.9,-0.91,False
2020-11-20,18028.0,25202.8,5448.5,-1.32,False
2020-11-21,34803.0,25308.9,5606.5,1.69,False
2020-11-22,34791.0,25404.7,5746.1,1.63,False
2020-11-23,21440.0,25255.4,5790.2,-0.66,False
2020-11-24,22363.0,25100.1,5803.7,-0.47,False
2020-11-25,21860.0,24855.4,5779.6,-0.52,False
2020-11-26,23443.0,24933.5,5742.8,-0.26,False
2020-11-27,23365.0,24799.1,5730.3,-0.25,False
2020-11-28,33876.0,25204.5,5931.2,1.46,False
2020-11-29,26717.0,25125.2,5893.2,0.27,False
2020-11-30,18998.0,24992.1,5987.4,-1.0,False
2020-12-01,21837.0,24878.5,6014.7,-0.51,False
2020-12-02,24354.0,24779.0,5997.2,-0.07,False
2020-12-03,14451.0,24324.1,6249.1,-1.58,False
2020-12-04,22387.0,23852.9,5815.4,-0.25,False
2020-12-05,31014.0,24235.6,5898.4,1.15,False
2020-12-06,20323.0,24192.6,5922.9,-0.65,False
2020-12-07,19573.0,23516.4,5184.6,-0.76,False
2020-12-08,21391.0,23201.9,5009.1,-0.36,False
2020-12-09,22758.0,23303.2,4966.8,-0.11,False
2020-12-10,23258.0,23265.5,4962.5,-0.0,False
2020-12-11,24680.0,23308.2,4969.2,0.28,False
2020-12-12,28846.0,23418.4,5056.3,1.07,False
2020-12-13,13044.0,23005.0,5381.4,-1.85,False
2020-12-14,15796.0,23024.2,5353.7,-1.35,False
2020-12-15,25748.0,23137.1,5374.9,0.49,False
2020-12-16,17375.0,23086.3,5423.2,-1.05,False
2020-12-17,22699.0,23072.6,5423.7,-0.07,False
2020-12-18,18323.0,22925.4,5492.5,-0.84,False
2020-12-19,16422.0,22798.8,5599.8,-1.14,False
2020-12-20,17165.0,22770.0,5627.3,-1.0,False
2020-12-21,11059.0,21978.5,5545.7,-1.97,False
2020-12-22,14559.0,21304.1,5149.9,-1.31,False
2020-12-23,13041.0,21024.2,5366.1,-1.49,False
2020-12-24,15453.0,20793.8,5454.2,-0.98,False
2020-12-25,17451.0,20646.9,5483.8,-0.58,False
2020-12-26,12386.0,20278.3,5658.2,-1.39,False
2020-12-27,17466.0,20081.7,5649.7,-0.46,False
2020-12-28,12443.0,19367.2,5180.9,-1.34,False
2020-12-29,14378.0,18955.9,5065.8,-0.9,False
2020-12-30,16882.0,18885.4,5079.9,-0.39,False
2020-12-31,14832.0,18651.9,5100.5,-0.75,False
2021-01-01,10829.0,18201.1,5176.3,-1.42,False
2021-01-02,17316.0,18296.6,5131.0,-0.19,False
2021-01-03,13448.0,17998.6,5144.8,-0.88,False
2021-01-04,10271.0,17307.2,4710.8,-1.49,False
2021-01-05,9424.0,16943.9,4887.2,-1.54,False
2021-01-06,12237.0,16699.3,4934.4,-0.9,False
2021-01-07,12448.0,16401.2,4911.3,-0.8,False
2021-01-08,11264.0,16018.1,4846.2,-0.98,False
2021-01-09,19463.0,15891.6,4697.9,0.76,False
2021-01-10,13643.0,15523.7,4409.3,-0.43,False
2021-01-11,11550.0,14947.2,3677.2,-0.92,False
2021-01-12,11607.0,14899.3,3712.1,-0.89,False
2021-01-13,8512.0,14656.5,3885.6,-1.58,False
2021-01-14,6672.0,14020.6,3554.6,-2.07,True
2021-01-15,13853.0,13903.2,3497.7,-0.01,False
2021-01-16,12174.0,13552.4,3089.0,-0.45,False
2021-01-17,24580.0,13760.9,3592.5,3.01,True
2021-01-18,12843.0,13641.6,3560.3,-0.22,False
2021-01-19,12569.0,13488.4,3501.9,-0.26,False
2021-01-20,9116.0,13423.7,3565.8,-1.21,False
2021-01-21,14954.0,13436.8,3570.8,0.42,False
2021-01-22,16665.0,13557.6,3618.0,0.86,False
2021-01-23,24137.0,13847.1,4091.3,2.52,True
2021-01-24,6560.0,13484.1,4240.9,-1.63,False
2021-01-25,13123.0,13508.6,4236.5,-0.09,False
2021-01-26,10762.0,13285.2,4197.2,-0.6,False
2021-01-27,12386.0,13283.3,4197.6,-0.21,False
2021-01-28,13627.0,13258.2,4193.1,0.09,False
2021-01-29,14654.0,13184.0,4146.1,0.35,False
2021-01-30,7823.0,12950.3,4246.3,-1.21,False
2021-01-31,16505.0,13139.5,4274.9,0.79,False
2021-02-01,12413.0,12976.1,4202.8,-0.13,False
2021-02-02,14250.0,13002.8,4208.5,0.3,False
2021-02-03,12884.0,13089.9,4176.9,-0.05,False
2021-02-04,11056.0,13144.3,4138.0,-0.5,False
2021-02-05,19272.0,13378.8,4281.6,1.38,False
2021-02-06,18835.0,13591.7,4391.1,1.19,False
2021-02-07,6195.0,13422.8,4577.4,-1.58,False
2021-02-08,6631.0,12995.0,4593.0,-1.39,False
2021-02-09,7156.0,12778.8,4712.6,-1.19,False
2021-02-10,11592.0,12780.2,4712.2,-0.25,False
2021-02-11,11022.0,12760.7,4718.4,-0.37,False
2021-02-12,11738.0,12868.2,4654.6,-0.24,False
2021-02-13,15740.0,13170.5,4531.1,0.57,False
2021-02-14,13839.0,13170.0,4531.1,0.15,False
2021-02-15,13312.0,13208.0,4527.2,0.02,False
2021-02-16,12162.0,12794.0,3987.1,-0.16,False
2021-02-17,12820.0,12793.3,3987.1,0.01,False
2021-02-18,16086.0,12910.5,4031.7,0.79,False
2021-02-19,17394.0,13186.4,4046.3,1.04,False
2021-02-20,39331.0,13999.0,6257.2,4.05,True
2021-02-21,33111.0,14547.2,7154.8,2.59,True
2021-02-22,13787.0,14202.2,6922.2,-0.06,False
2021-02-23,21344.0,14695.0,6885.5,0.97,False
2021-02-24,22021.0,14991.6,7006.1,1.0,False
2021-02-25,18264.0,15241.7,6983.8,0.43,False
2021-02-26,29264.0,15804.3,7412.5,1.82,False
2021-02-27,51673.0,17072.5,9873.3,3.5,True
2021-02-28,30962.0,17616.1,10179.7,1.31,False
2021-03-01,17999.0,17955.3,10010.3,0.0,False
2021-03-02,18909.0,18035.4,10007.9,0.09,False
2021-03-03,12281.0,18031.0,10010.5,-0.57,False
2021-03-04,15354.0,18067.8,9998.1,-0.27,False
2021-03-05,20112.0,18308.7,9955.9,0.18,False
2021-03-06,30461.0,18955.6,10097.8,1.14,False
2021-03-07,28530.0,19264.2,10248.1,0.9,False
2021-03-08,18357.0,19248.2,10249.2,-0.09,False
2021-03-09,25222.0,19882.5,9999.3,0.53,False
2021-03-10,11125.0,20032.3,9826.1,-0.91,False
2021-03-11,16641.0,20348.4,9546.1,-0.39,False
2021-03-12,18780.0,20588.0,9407.9,-0.19,False
2021-03-13,23810.0,21014.3,9247.9,0.3,False
2021-03-14,21735.0,21347.5,9080.7,0.04,False
2021-03-15,16296.0,21366.1,9069.4,-0.56,False
2021-03-16,18664.0,21526.9,8973.6,-0.32,False
2021-03-17,18701.0,21706.5,8856.7,-0.34,False
2021-03-18,16713.0,21858.2,8725.6,-0.59,False
2021-03-19,26505.0,22314.4,8593.5,0.49,False
2021-03-20,34447.0,22926.4,8786.3,1.31,False
2021-03-21,32505.0,23430.1,8890.7,1.02,False
2021-03-22,24958.0,22951.0,8376.7,0.24,False
2021-03-23,23686.0,22636.9,8156.3,0.13,False
2021-03-24,22729.0,22934.9,7983.3,-0.03,False
2021-03-25,20330.0,22901.1,7992.4,-0.32,False
2021-03-26,17353.0,22745.5,8055.4,-0.67,False
2021-03-27,39620.0,23457.4,8572.7,1.89,False
2021-03-28,23595.0,23268.4,8502.5,0.04,False
2021-03-29,34153.0,22684.4,6942.8,1.65,False
2021-03-30,49114.0,23289.5,8339.6,3.1,True
2021-03-31,39837.0,24017.4,8802.1,1.8,False
2021-04-01,35923.0,24584.6,9007.4,1.26,False
2021-04-02,38426.0,25456.1,9040.6,1.43,False
2021-04-03,33399.0,26057.6,8945.1,0.82,False
2021-04-04,46711.0,26944.2,9627.7,2.05,True
2021-04-05,26358.0,26807.4,9605.1,-0.05,False
2021-04-06,21920.0,26587.1,9640.0,-0.48,False
2021-04-07,24087.0,26778.1,9527.4,-0.28,False
2021-04-08,26707.0,26827.6,9522.9,-0.01,False
2021-04-09,29963.0,27455.5,9061.7,0.28,False
2021-04-10,23306.0,27677.7,8867.0,-0.49,False
2021-04-11,30912.0,28082.1,8722.7,0.32,False
2021-04-12,28239.0,28229.7,8685.3,0.0,False
2021-04-13,28780.0,28464.6,8598.5,0.04,False
2021-04-14,30466.0,28936.9,8290.7,0.18,False
2021-04-15,25780.0,29174.1,8085.9,-0.42,False
2021-04-16,33466.0,29666.3,7873.0,0.48,False
2021-04-17,42443.0,30523.9,7814.5,1.53,False
2021-04-18,35889.0,30836.7,7835.8,0.64,False
2021-04-19,29758.0,30680.4,7808.1,-0.12,False
2021-04-20,34859.0,30758.9,7838.8,0.52,False
2021-04-21,29787.0,30919.9,7764.8,-0.15,False
2021-04-22,31767.0,31189.2,7644.4,0.08,False
2021-04-23,34276.0,31574.1,7493.0,0.36,False
2021-04-24,44746.0,32388.0,7555.3,1.64,False
2021-04-25,29315.0,32786.7,7032.0,-0.49,False
2021-04-26,25919.0,32330.0,7017.8,-0.91,False
2021-04-27,30175.0,32549.4,6835.8,-0.35,False
2021-04-28,21648.0,32132.5,7110.4,-1.47,False
2021-04-29,27355.0,31407.2,6392.0,-0.63,False
2021-04-30,28554.0,31031.1,6208.1,-0.4,False
2021-05-01,34225.0,30974.5,6169.6,0.53,False
2021-05-02,30249.0,30702.0,6007.6,-0.08,False
2021-05-03,20842.0,30283.4,6245.9,-1.51,False
2021-05-04,22037.0,29460.9,5599.2,-1.33,False
2021-05-05,22633.0,29336.8,5710.6,-1.17,False
2021-05-06,26989.0,29505.7,5556.4,-0.45,False
2021-05-07,30954.0,29734.6,5466.2,0.22,False
2021-05-08,22182.0,29583.8,5613.1,-1.32,False
2021-05-09,34038.0,29719.6,5671.6,0.76,False
2021-05-10,25958.0,29808.0,5588.3,-0.69,False
2021-05-11,30218.0,29784.9,5585.0,0.08,False
2021-05-12,31453.0,29892.0,5585.1,0.28,False
2021-05-13,24494.0,29749.2,5668.7,-0.93,False
2021-05-14,31347.0,29778.5,5674.9,0.28,False
2021-05-15,28462.0,29867.9,5630.6,-0.25,False
2021-05-16,17532.0,29336.8,6017.7,-1.96,False
2021-05-17,20840.0,28616.7,5678.3,-1.37,False
2021-05-18,27365.0,28332.6,5512.7,-0.18,False
2021-05-19,29255.0,28315.8,5509.0,0.17,False
2021-05-20,26984.0,28053.3,5372.4,-0.2,False
2021-05-21,21274.0,27769.5,5500.9,-1.18,False
2021-05-22,29662.0,27699.4,5461.5,0.36,False
2021-05-23,21893.0,27286.6,5415.0,-1.0,False
2021-05-24,21118.0,26499.0,4413.8,-1.22,False
2021-05-25,28822.0,26482.6,4403.9,0.53,False
2021-05-26,32206.0,26692.1,4524.1,1.22,False
2021-05-27,37461.0,26935.0,4897.6,2.15,True
2021-05-28,32602.0,27300.1,4898.2,1.08,False
2021-05-29,49256.0,28030.2,6329.6,3.35,True
2021-05-30,47191.0,28651.4,7232.9,2.56,True
2021-05-31,52517.0,29261.1,8396.4,2.77,True
2021-06-01,45240.0,29760.8,8888.9,1.74,False
2021-06-02,45652.0,30587.8,9179.8,1.64,False
2021-06-03,46557.0,31405.2,9478.9,1.6,False
2021-06-04,22531.0,31401.8,9482.2,-0.94,False
2021-06-05,56194.0,32375.3,10462.1,2.28,True
2021-06-06,41089.0,32713.1,10577.6,0.79,False
2021-06-07,39140.0,33278.4,10447.8,0.56,False
2021-06-08,43935.0,33608.3,10627.3,0.97,False
2021-06-09,46144.0,34281.1,10764.4,1.1,False
2021-06-10,43979.0,34739.8,10877.8,0.85,False
2021-06-11,43767.0,35150.3,10981.4,0.78,False
2021-06-12,55680.0,36189.8,11405.7,1.71,False
2021-06-13,48068.0,36747.2,11568.3,0.98,False
2021-06-14,40609.0,37152.1,11480.6,0.3,False
2021-06-15,43461.0,38016.4,10914.6,0.5,False
2021-06-16,43633.0,38776.2,10461.6,0.46,False
2021-06-17,29772.0,38856.4,10380.0,-0.88,False
2021-06-18,18864.0,38510.0,10873.1,-1.81,False
2021-06-19,35318.0,38787.8,10673.1,-0.33,False
2021-06-20,28568.0,39031.0,10338.2,-1.01,False
2021-06-21,20137.0,38713.5,10773.0,-1.72,False
2021-06-22,34872.0,39146.1,10325.5,-0.41,False
2021-06-23,41917.0,39839.4,9755.8,0.21,False
2021-06-24,40277.0,40221.2,9531.3,0.01,False
2021-06-25,38915.0,40444.9,9414.8,-0.16,False
2021-06-26,49445.0,40844.3,9537.3,0.9,False
2021-06-27,29549.0,40742.6,9643.9,-1.16,False
2021-06-28,28491.0,40050.4,9756.4,-1.18,False
2021-06-29,31218.0,39518.0,9789.0,-0.85,False
2021-06-30,36581.0,38986.8,9487.0,-0.25,False
2021-07-01,41278.0,38854.7,9424.4,0.26,False
2021-07-02,41976.0,38732.2,9356.6,0.35,False
2021-07-03,39470.0,38495.9,9241.0,0.11,False
2021-07-04,32350.0,38823.2,8820.3,-0.73,False
2021-07-05,30382.0,37962.8,8311.7,-0.91,False
2021-07-06,23805.0,37386.7,8678.5,-1.56,False
2021-07-07,37835.0,37343.2,8672.7,0.06,False
2021-07-08,37737.0,37136.6,8583.6,0.07,False
2021-07-09,38936.0,36896.3,8422.1,0.24,False
2021-07-10,39794.0,36756.8,8335.0,0.36,False
2021-07-11,41196.0,36671.1,8273.4,0.55,False
2021-07-12,25857.0,35677.0,7681.1,-1.28,False
2021-07-13,38130.0,35345.8,7334.8,0.38,False
2021-07-14,41059.0,35360.8,7346.4,0.78,False
2021-07-15,38572.0,35197.8,7213.5,0.47,False
2021-07-16,42556.0,35161.9,7172.6,1.03,False
2021-07-17,51453.0,35884.6,7684.8,2.03,True
2021-07-18,46029.0,36790.1,7194.9,1.28,False
2021-07-19,37758.0,36871.4,7191.5,0.12,False
2021-07-20,38929.0,37216.8,7025.9,0.24,False
2021-07-21,44072.0,38014.6,6345.5,0.95,False
2021-07-22,46032.0,38386.6,6480.6,1.18,False
2021-07-23,43293.0,38432.5,6511.3,0.75,False
2021-07-24,36489.0,38306.2,6511.0,-0.28,False
2021-07-25,18757.0,37634.3,7422.4,-2.54,True
2021-07-26,35452.0,37167.9,7086.7,-0.24,False
2021-07-27,36188.0,37389.2,6942.7,-0.17,False
2021-07-28,26187.0,37312.4,7056.4,-1.58,False
2021-07-29,41432.0,37652.8,6998.3,0.54,False
2021-07-30,27498.0,37350.1,7238.7,-1.36,False
2021-07-31,34932.0,37138.5,7212.6,-0.31,False
2021-08-01,33986.0,36872.2,7175.2,-0.4,False
2021-08-02,33914.0,36687.0,7177.6,-0.39,False
2021-08-03,37857.0,36870.6,7133.1,0.14,False
2021-08-04,43709.0,37314.8,7130.1,0.9,False
2021-08-05,31913.0,37585.1,6743.5,-0.84,False
2021-08-06,29207.0,37297.5,6914.3,-1.17,False
2021-08-07,24654.0,36861.4,7288.1,-1.67,False
2021-08-08,24885.0,36393.0,7595.2,-1.52,False
2021-08-09,21423.0,35780.6,8039.2,-1.79,False
2021-08-10,39978.0,35740.0,8013.9,0.53,False
2021-08-11,42690.0,36301.1,7886.3,0.81,False
2021-08-12,38949.0,36328.4,7894.3,0.33,False
2021-08-13,36652.0,36181.5,7844.1,0.06,False
2021-08-14,44739.0,36387.1,7988.4,1.05,False
2021-08-15,37777.0,36227.8,7908.4,0.2,False
2021-08-16,33033.0,35613.8,7383.1,-0.35,False
2021-08-17,33057.0,35181.4,7127.6,-0.3,False
2021-08-18,38586.0,35209.0,7139.5,0.47,False
2021-08-19,37679.0,35167.3,7120.6,0.35,False
2021-08-20,36895.0,34928.1,6929.2,0.28,False
2021-08-21,32946.0,34491.9,6610.6,-0.23,False
2021-08-22,33392.0,34161.9,6399.9,-0.12,False
2021-08-23,35296.0,34122.1,6388.6,0.18,False
2021-08-24,38959.0,34795.5,5745.5,0.72,False
2021-08-25,40350.0,34958.8,5833.7,0.92,False
2021-08-26,36866.0,34981.4,5840.0,0.32,False
2021-08-27,37749.0,35366.8,5616.8,0.42,False
2021-08-28,38730.0,35276.7,5537.3,0.62,False
2021-08-29,36638.0,35581.4,5342.6,0.2,False
2021-08-30,32518.0,35500.9,5370.8,-0.56,False
2021-08-31,33945.0,35499.5,5371.2,-0.29,False
2021-09-01,37032.0,35603.5,5369.6,0.27,False
2021-09-02,38494.0,35624.7,5380.1,0.53,False
2021-09-03,38997.0,35467.6,5201.8,0.68,False
2021-09-04,40664.0,35759.3,5240.8,0.94,False
2021-09-05,44551.0,36270.8,5327.3,1.55,False
2021-09-06,41013.0,36816.1,4918.8,0.85,False
2021-09-07,46207.0,37526.8,4669.5,1.86,False
2021-09-08,45320.0,38323.4,3781.5,1.85,False
2021-09-09,40528.0,38341.7,3791.1,0.58,False
2021-09-10,37069.0,38154.4,3706.8,-0.29,False
2021-09-11,45339.0,38367.4,3930.8,1.77,False
2021-09-12,40471.0,38494.7,3935.2,0.5,False
2021-09-13,38084.0,38272.8,3754.5,-0.05,False
2021-09-14,22563.0,37765.7,4725.7,-3.22,True
2021-09-15,41178.0,38037.2,4678.1,0.67,False
2021-09-16,42941.0,38366.7,4663.3,0.98,False
2021-09-17,41115.0,38451.0,4690.2,0.57,False
2021-09-18,50778.0,38887.6,5198.1,2.29,True
2021-09-19,30563.0,38676.5,5406.2,-1.5,False
2021-09-20,37422.0,38825.7,5303.3,-0.26,False
2021-09-21,44229.0,39187.0,5289.5,0.95,False
2021-09-22,45798.0,39537.0,5370.0,1.17,False
2021-09-23,42484.0,39654.5,5395.5,0.52,False
2021-09-24,45808.0,39836.5,5510.5,1.08,False
2021-09-25,48026.0,40208.5,5677.2,1.38,False
2021-09-26,44692.0,40439.9,5714.9,0.74,False
2021-09-27,31913.0,40212.7,5917.2,-1.4,False
2021-09-28,32210.0,40065.1,6062.9,-1.3,False
2021-09-29,39585.0,40300.6,5894.5,-0.12,False
2021-09-30,33840.0,40297.1,5898.4,-1.09,False
2021-10-01,33931.0,40193.8,5984.1,-1.05,False
2021-10-02,17566.0,39496.2,7270.7,-3.02,True
2021-10-03,33429.0,39310.6,7354.4,-0.8,False
2021-10-04,30711.0,38978.8,7514.0,-1.1,False
2021-10-05,34508.0,38644.0,7480.9,-0.55,False
2021-10-06,40534.0,38628.1,7476.2,0.25,False
2021-10-07,38070.0,38356.8,7338.0,-0.04,False
2021-10-08,37190.0,38085.8,7221.2,-0.12,False
2021-10-09,47379.0,38314.2,7407.0,1.22,False
2021-10-10,36253.0,38287.0,7413.3,-0.27,False
2021-10-11,36383.0,37988.5,7298.9,-0.22,False
2021-10-12,38036.0,37907.3,7283.9,0.02,False
2021-10-13,39983.0,37970.6,7293.7,0.28,False
2021-10-14,40312.0,38562.2,6696.2,0.26,False
2021-10-15,37895.0,38452.8,6678.8,-0.08,False
2021-10-16,35227.0,38195.7,6648.5,-0.45,False
2021-10-17,34319.0,37969.1,6661.4,-0.55,False
2021-10-18,30508.0,37293.5,6337.5,-1.07,False
2021-10-19,35381.0,37454.1,6221.0,-0.33,False
2021-10-20,34074.0,37342.5,6251.6,-0.52,False
2021-10-21,35627.0,37055.7,6120.7,-0.23,False
2021-10-22,35081.0,36698.5,5901.7,-0.27,False
2021-10-23,38220.0,36556.4,5808.2,0.29,False
2021-10-24,34851.0,36191.1,5544.9,-0.24,False
2021-10-25,33695.0,35713.4,5088.7,-0.4,False
2021-10-26,37901.0,35487.1,4819.4,0.5,False
2021-10-27,39350.0,35735.0,4820.5,0.75,False
2021-10-28,40261.0,36003.3,4841.6,0.88,False
2021-10-29,30586.0,35703.4,4890.5,-1.05,False
2021-10-30,35946.0,35773.6,4878.0,0.04,False
2021-10-31,26505.0,35526.0,5155.2,-1.75,False
2021-11-01,32590.0,36026.8,3935.9,-0.87,False
2021-11-02,34522.0,36063.3,3916.0,-0.39,False
2021-11-03,33793.0,36166.0,3809.8,-0.62,False
2021-11-04,33164.0,36121.2,3837.7,-0.77,False
2021-11-05,32720.0,35860.7,3792.8,-0.83,False
2021-11-06,33235.0,35699.6,3798.4,-0.65,False
2021-11-07,29654.0,35448.4,3942.9,-1.47,False
2021-11-08,30729.0,34893.4,3329.8,-1.25,False
2021-11-09,34796.0,34844.8,3319.9,-0.01,False
2021-11-10,29583.0,34618.1,3441.2,-1.46,False
2021-11-11,35499.0,34533.6,3385.0,0.29,False
2021-11-12,29458.0,34182.7,3345.9,-1.41,False
2021-11-13,34901.0,34002.4,3143.8,0.29,False
2021-11-14,28534.0,33690.3,3208.1,-1.61,False
2021-11-15,31162.0,33554.8,3226.7,-0.74,False
2021-11-16,33644.0,33532.3,3223.6,0.03,False
2021-11-17,35237.0,33690.0,3186.0,0.49,False
2021-11-18,35993.0,33710.4,3199.1,0.71,False
2021-11-19,34507.0,33724.8,3201.8,0.24,False
2021-11-20,33898.0,33667.2,3181.9,0.07,False
2021-11-21,26378.0,33377.1,3435.2,-2.04,True
2021-11-22,29583.0,33089.2,3376.7,-1.04,False
2021-11-23,33219.0,33034.8,3360.5,0.05,False
2021-11-24,32699.0,33001.6,3358.6,-0.09,False
2021-11-25,32516.0,32822.1,3229.2,-0.09,False
2021-11-26,31298.0,32553.7,2993.9,-0.42,False
2021-11-27,17097.0,31781.5,3812.7,-3.85,True
2021-11-28,20285.0,31438.2,4350.1,-2.56,True
2021-11-29,25138.0,31077.9,4411.0,-1.35,False
2021-11-30,31109.0,31231.4,4325.7,-0.03,False
2021-12-01,28620.0,31099.0,4343.4,-0.57,False
2021-12-02,29588.0,30934.6,4302.5,-0.31,False
2021-12-03,28510.0,30758.5,4289.6,-0.52,False
2021-12-04,27348.0,30564.6,4308.5,-0.75,False
2021-12-05,16015.0,30007.8,5038.0,-2.78,True
2021-12-06,23099.0,29669.9,5152.7,-1.28,False
2021-12-07,22831.0,29442.5,5301.9,-1.25,False
2021-12-08,29319.0,29395.5,5296.3,-0.01,False
2021-12-09,28584.0,29188.4,5198.4,-0.12,False
2021-12-10,27987.0,29135.2,5202.4,-0.22,False
2021-12-11,21421.0,28665.9,5243.3,-1.38,False
2021-12-12,22152.0,28422.4,5373.3,-1.17,False
2021-12-13,24839.0,28087.0,5268.0,-0.62,False
2021-12-14,27244.0,28044.0,5269.5,-0.15,False
2021-12-15,27696.0,27928.5,5236.7,-0.04,False
2021-12-16,26495.0,27690.2,5129.2,-0.23,False
2021-12-17,24450.0,27330.6,4957.1,-0.58,False
2021-12-18,25333.0,26975.3,4689.6,-0.35,False
2021-12-19,17058.0,26393.6,4803.9,-1.94,False
2021-12-20,19225.0,25904.5,4760.3,-1.4,False
2021-12-21,18420.0,25639.3,4950.9,-1.46,False
2021-12-22,16894.0,25216.3,5140.7,-1.62,False
2021-12-23,16199.0,24649.0,5166.2,-1.64,False
2021-12-24,10091.0,23895.4,5583.5,-2.47,True
2021-12-25,14859.0,23306.8,5574.1,-1.52,False
2021-12-26,8160.0,22535.5,6013.7,-2.39,True
2021-12-27,9066.0,22267.8,6428.6,-2.05,True
2021-12-28,13513.0,22042.1,6616.7,-1.29,False
2021-12-29,15285.0,21713.7,6701.8,-0.96,False
2021-12-30,19179.0,21316.0,6475.2,-0.33,False
2021-12-31,21549.0,21080.3,6327.1,0.07,False
2022-01-01,22487.0,20843.6,6127.5,0.27,False
2022-01-02,16494.0,20443.1,6000.5,-0.66,False
2022-01-03,18828.0,20159.1,5862.5,-0.23,False
2022-01-04,15116.0,20129.1,5886.7,-0.85,False
2022-01-05,20267.0,20034.7,5860.0,0.04,False
2022-01-06,17802.0,19867.1,5849.2,-0.35,False
2022-01-07,19597.0,19543.0,5570.1,0.01,False
2022-01-08,12068.0,18992.5,5460.9,-1.27,False
2022-01-09,21646.0,18781.1,5218.0,0.55,False
2022-01-10,21920.0,18797.7,5227.5,0.6,False
2022-01-11,21083.0,18762.1,5207.5,0.45,False
2022-01-12,25962.0,18799.5,5256.5,1.36,False
2022-01-13,26186.0,18764.3,5201.1,1.43,False
2022-01-14,25865.0,18703.2,5102.5,1.4,False
2022-01-15,26125.0,18690.9,5083.4,1.46,False
2022-01-16,23954.0,18674.4,5064.8,1.04,False
2022-01-17,25450.0,18678.3,5070.2,1.34,False
2022-01-18,26662.0,18998.4,5263.9,1.46,False
2022-01-19,27367.0,19269.8,5481.3,1.48,False
2022-01-20,26994.0,19555.6,5656.2,1.32,False
2022-01-21,25008.0,19826.1,5718.2,0.91,False
2022-01-22,27750.0,20211.1,5852.9,1.29,False
2022-01-23,23535.0,20659.2,5558.6,0.52,False
2022-01-24,24896.0,20993.8,5499.2,0.71,False
2022-01-25,26887.0,21618.0,5035.5,1.05,False
2022-01-26,28851.0,22277.5,4612.7,1.43,False
2022-01-27,29499.0,22810.4,4487.0,1.49,False
2022-01-28,27970.0,23233.2,4348.9,1.09,False
2022-01-29,31779.0,23653.2,4547.8,1.79,False
2022-01-30,27213.0,23842.0,4574.9,0.74,False
2022-01-31,26614.0,23979.6,4594.7,0.57,False
2022-02-01,32035.0,24497.6,4597.8,1.64,False
2022-02-02,32730.0,24961.0,4705.9,1.65,False
2022-02-03,32267.0,25532.7,4506.2,1.49,False
2022-02-04,24034.0,25658.3,4405.8,-0.37,False
2022-02-05,28909.0,26028.5,4183.9,0.69,False
2022-02-06,20736.0,26066.5,4128.3,-1.29,False
2022-02-07,28005.0,26597.7,3181.8,0.44,False
2022-02-08,31972.0,26941.9,3186.2,1.58,False
2022-02-09,32206.0,27284.8,3180.5,1.55,False
2022-02-10,32338.0,27660.0,3086.2,1.52,False
2022-02-11,29431.0,27775.6,3085.4,0.54,False
2022-02-12,28500.0,27852.7,3073.1,0.21,False
2022-02-13,13231.0,27431.6,4061.6,-3.5,True
2022-02-14,23700.0,27350.8,4112.3,-0.89,False
2022-02-15,21944.0,27283.8,4185.3,-1.28,False
2022-02-16,25820.0,27296.1,4180.3,-0.35,False
2022-02-17,29432.0,27388.4,4196.3,0.49,False
2022-02-18,14352.0,26954.6,4824.4,-2.61,True
2022-02-19,16759.0,26613.4,5171.0,-1.91,False
2022-02-20,15323.0,26290.6,5562.2,-1.97,False
2022-02-21,22758.0,26124.2,5591.6,-0.6,False
2022-02-22,29683.0,26329.1,5606.1,0.6,False
2022-02-23,32007.0,26566.2,5693.1,0.96,False
2022-02-24,25084.0,26506.1,5699.1,-0.25,False
2022-02-25,30950.0,26576.0,5741.6,0.76,False
2022-02-26,33628.0,26713.7,5862.3,1.18,False
2022-02-27,29454.0,26763.1,5879.5,0.46,False
2022-02-28,26293.0,26580.3,5802.9,-0.05,False
2022-03-01,37193.0,26912.9,6117.9,1.68,False
2022-03-02,28098.0,26962.4,6121.4,0.19,False
2022-03-03,55978.0,27760.5,8059.6,3.5,True
2022-03-04,30791.0,27695.9,8026.1,0.39,False
2022-03-05,24003.0,27420.4,8005.6,-0.43,False
2022-03-06,24409.0,27432.9,8000.4,-0.38,False
2022-03-07,27966.0,27401.5,7996.2,0.07,False
2022-03-08,33849.0,27838.6,7977.7,0.75,False
2022-03-09,34335.0,28049.6,8065.5,0.78,False
2022-03-10,36818.0,28211.1,8194.2,1.05,False
2022-03-11,25113.0,27974.7,8177.3,-0.35,False
2022-03-12,34418.0,28044.0,8224.3,0.78,False
2022-03-13,22760.0,27821.6,8275.5,-0.61,False
2022-03-14,30870.0,27900.6,8293.5,0.36,False
2022-03-15,36446.0,28674.5,7953.6,0.98,False
2022-03-16,23556.0,28669.7,7956.8,-0.64,False
2022-03-17,36945.0,29169.7,7990.8,0.97,False
2022-03-18,37267.0,29551.3,8097.9,0.95,False
2022-03-19,38993.0,29870.0,8279.2,1.1,False
2022-03-20,31416.0,30438.8,7745.2,0.13,False
2022-03-21,33656.0,31002.0,7318.8,0.36,False
2022-03-22,39222.0,31798.6,6838.2,1.09,False
2022-03-23,40973.0,32405.8,6816.4,1.26,False
2022-03-24,40202.0,32756.4,6940.9,1.07,False
2022-03-25,40133.0,33027.3,7068.1,1.01,False
2022-03-26,50367.0,33870.1,7577.3,2.18,True
2022-03-27,28638.0,33793.0,7619.6,-0.68,False
2022-03-28,32433.0,33753.2,7623.7,-0.17,False
2022-03-29,32317.0,33848.6,7585.8,-0.2,False
2022-03-30,31022.0,34006.2,7471.7,-0.4,False
2022-03-31,27182.0,33672.5,7547.6,-0.86,False
2022-04-01,25422.0,33583.3,7631.1,-1.07,False
2022-04-02,26320.0,32594.7,6461.3,-0.97,False
2022-04-03,25863.0,32430.5,6570.4,-1.0,False
2022-04-04,21068.0,32332.6,6720.4,-1.68,False
2022-04-05,31705.0,32575.8,6553.7,-0.13,False
2022-04-06,25175.0,32482.8,6640.6,-1.1,False
2022-04-07,29085.0,32324.0,6663.8,-0.49,False
2022-04-08,28793.0,32139.3,6682.9,-0.5,False
2022-04-09,33287.0,32021.6,6628.5,0.19,False
2022-04-10,32220.0,32258.5,6498.8,-0.01,False
2022-04-11,33133.0,32215.6,6488.3,0.14,False
2022-04-12,35013.0,32624.1,6254.0,0.38,False
2022-04-13,36738.0,32819.7,6288.9,0.62,False
2022-04-14,38259.0,32880.1,6333.5,0.85,False
2022-04-15,43511.0,33545.3,6368.3,1.56,False
2022-04-16,42496.0,33730.3,6548.5,1.34,False
2022-04-17,36962.0,33720.1,6543.1,0.5,False
2022-04-18,35447.0,33601.9,6476.2,0.28,False
2022-04-19,33212.0,33661.8,6463.6,-0.07,False
2022-04-20,41001.0,33906.6,6601.1,1.07,False
2022-04-21,40720.0,33956.6,6648.1,1.02,False
2022-04-22,33900.0,33720.8,6514.8,0.03,False
2022-04-23,37358.0,33626.0,6437.5,0.58,False
2022-04-24,38544.0,33573.0,6388.5,0.78,False
2022-04-25,31783.0,32953.6,5549.8,-0.21,False
2022-04-26,37954.0,33264.1,5560.6,0.84,False
2022-04-27,35712.0,33373.4,5575.9,0.42,False
2022-04-28,36859.0,33524.8,5607.8,0.59,False
2022-04-29,32236.0,33565.3,5593.5,-0.24,False
2022-04-30,42691.0,34082.2,5698.9,1.51,False
2022-05-01,29444.0,34216.3,5533.1,-0.86,False
2022-05-02,35983.0,34538.4,5335.3,0.27,False
2022-05-03,37232.0,34917.4,5096.2,0.45,False
2022-05-04,34264.0,35357.2,4378.6,-0.25,False
2022-05-05,42168.0,35706.0,4492.8,1.44,False
2022-05-06,41458.0,36248.8,4147.0,1.26,False
2022-05-07,41300.0,36655.9,4017.0,1.16,False
2022-05-08,43913.0,37159.9,3944.3,1.71,False
2022-05-09,37556.0,37302.2,3876.2,0.07,False
2022-05-10,38988.0,37527.8,3765.6,0.39,False
2022-05-11,31418.0,37470.7,3846.7,-1.57,False
2022-05-12,40718.0,37660.8,3862.0,0.79,False
2022-05-13,40806.0,37796.4,3899.7,0.77,False
2022-05-14,53418.0,38301.7,4832.3,3.13,True
2022-05-15,22732.0,37609.1,5502.6,-2.7,True
2022-05-16,36410.0,37406.2,5427.9,-0.18,False
2022-05-17,45107.0,37677.7,5605.7,1.33,False
2022-05-18,43930.0,37960.5,5702.4,1.05,False
2022-05-19,43594.0,38306.6,5719.3,0.92,False
2022-05-20,31057.0,37975.1,5844.6,-1.18,False
2022-05-21,45809.0,38144.7,5998.8,1.28,False
2022-05-22,45421.0,38528.8,6085.8,1.13,False
2022-05-23,34742.0,38441.6,6121.8,-0.6,False
2022-05-24,32852.0,38251.8,6206.2,-0.87,False
2022-05-25,37194.0,38432.2,6089.2,-0.2,False
2022-05-26,40232.0,38508.1,6097.2,0.28,False
2022-05-27,43819.0,38778.4,6148.5,0.82,False
2022-05-28,41648.0,38938.0,6159.1,0.44,False
2022-05-29,38079.0,39132.8,6030.9,-0.17,False
2022-05-30,29837.0,38704.3,6222.9,-1.42,False
2022-05-31,29461.0,38704.9,6222.0,-1.49,False
2022-06-01,37780.0,38764.8,6203.6,-0.16,False
2022-06-02,44864.0,39019.2,6294.4,0.93,False
2022-06-03,40170.0,39216.0,6232.6,0.15,False
2022-06-04,34415.0,38957.6,6266.6,-0.72,False
2022-06-05,23193.0,38348.8,6873.2,-2.21,True
2022-06-06,43055.0,38407.3,6906.6,0.67,False
2022-06-07,41146.0,38315.0,6848.7,0.41,False
2022-06-08,40733.0,38420.9,6861.2,0.34,False
2022-06-09,39755.0,38446.5,6864.8,0.19,False
2022-06-10,40901.0,38762.6,6747.3,0.32,False
2022-06-11,45539.0,38923.3,6852.1,0.97,False
2022-06-12,40294.0,38906.2,6847.9,0.2,False
2022-06-13,40577.0,38478.2,6287.9,0.33,False
2022-06-14,45826.0,39248.0,5677.8,1.16,False
2022-06-15,47235.0,39608.8,5833.0,1.31,False
2022-06-16,47479.0,39687.9,5925.5,1.31,False
2022-06-17,48821.0,39850.9,6110.6,1.47,False
2022-06-18,35017.0,39565.0,6130.1,-0.74,False
2022-06-19,31809.0,39590.1,6095.5,-1.28,False
2022-06-20,42719.0,39487.1,6012.3,0.54,False
2022-06-21,64194.0,40112.9,7455.1,3.23,True
2022-06-22,53917.0,40752.0,7793.1,1.69,False
2022-06-23,43364.0,41102.4,7660.8,0.3,False
2022-06-24,42805.0,41289.5,7630.5,0.2,False
2022-06-25,47039.0,41516.4,7698.9,0.72,False
2022-06-26,42296.0,41465.6,7688.2,0.11,False
2022-06-27,36977.0,41309.9,7731.6,-0.56,False
2022-06-28,44234.0,41515.1,7724.5,0.35,False
2022-06-29,41327.0,41898.1,7403.7,-0.08,False
2022-06-30,41220.0,42290.0,7024.1,-0.15,False
2022-07-01,40956.0,42395.9,6977.6,-0.21,False
2022-07-02,41913.0,42297.5,6962.4,-0.06,False
2022-07-03,38333.0,42236.3,6989.8,-0.56,False
2022-07-04,41764.0,42481.3,6833.2,-0.1,False
2022-07-05,44143.0,43179.6,5784.0,0.17,False
2022-07-06,45048.0,43246.0,5794.0,0.31,False
2022-07-07,45680.0,43397.2,5796.4,0.39,False
2022-07-08,44339.0,43517.4,5776.6,0.14,False
2022-07-09,46587.0,43745.1,5757.8,0.49,False
2022-07-10,43720.0,43839.1,5732.8,-0.02,False
2022-07-11,42349.0,43732.7,5729.7,-0.24,False
2022-07-12,44421.0,43870.3,5693.8,0.1,False
2022-07-13,46348.0,44062.7,5676.1,0.4,False
2022-07-14,45854.0,44063.6,5676.4,0.32,False
2022-07-15,44596.0,43975.6,5645.9,0.11,False
2022-07-16,47720.0,43983.7,5651.3,0.66,False
2022-07-17,40372.0,43702.0,5612.3,-0.59,False
2022-07-18,38399.0,43814.8,5463.8,-0.99,False
2022-07-19,36332.0,43965.5,5175.9,-1.47,False
2022-07-20,41735.0,43932.7,5187.2,-0.42,False
2022-07-21,41104.0,43163.1,3523.4,-0.58,False
2022-07-22,39100.0,42669.2,2956.9,-1.21,False
2022-07-23,43073.0,42659.5,2955.0,0.14,False
2022-07-24,39787.0,42558.9,3000.9,-0.92,False
2022-07-25,37813.0,42251.3,2998.7,-1.48,False
2022-07-26,40752.0,42199.9,3011.1,-0.48,False
2022-07-27,38990.0,42267.0,2911.5,-1.13,False
2022-07-28,42774.0,42218.3,2889.6,0.19,False
2022-07-29,41251.0,42215.8,2890.5,-0.33,False
2022-07-30,42350.0,42253.4,2884.4,0.03,False
2022-07-31,35773.0,42080.7,3111.1,-2.03,True
2022-08-01,39157.0,41988.8,3156.6,-0.9,False
2022-08-02,43345.0,42155.9,3088.3,0.39,False
2022-08-03,43407.0,42210.6,3095.7,0.39,False
2022-08-04,42880.0,42168.5,3077.0,0.23,False
2022-08-05,41113.0,42037.4,3033.6,-0.3,False
2022-08-06,43145.0,41952.9,2963.2,0.4,False
2022-08-07,39921.0,41805.6,2950.2,-0.64,False
2022-08-08,41306.0,41629.6,2809.3,-0.12,False
2022-08-09,43854.0,41634.0,2812.8,0.79,False
2022-08-10,44206.0,41695.9,2849.3,0.88,False
2022-08-11,42833.0,41643.0,2811.4,0.42,False
2022-08-12,39775.0,41423.9,2685.4,-0.61,False
2022-08-13,41718.0,41286.0,2553.0,0.17,False
2022-08-14,37921.0,41063.5,2545.5,-1.23,False
2022-08-15,37449.0,40721.2,2298.0,-1.42,False
2022-08-16,35923.0,40572.9,2459.2,-1.89,False
2022-08-17,31872.0,40355.3,2906.3,-2.92,True
2022-08-18,40730.0,40501.9,2805.5,0.08,False
2022-08-19,66409.0,41324.4,5501.2,4.56,True
2022-08-20,47613.0,41541.3,5619.3,1.08,False
2022-08-21,39476.0,41553.9,5614.0,-0.37,False
2022-08-22,37791.0,41377.8,5647.5,-0.64,False
2022-08-23,40967.0,41417.1,5640.1,-0.08,False
2022-08-24,42619.0,41577.3,5602.3,0.19,False
2022-08-25,24560.0,41037.6,6406.8,-2.57,True
2022-08-26,36368.0,40950.2,6453.4,-0.71,False
2022-08-27,36749.0,40749.4,6488.4,-0.62,False
2022-08-28,35696.0,40564.2,6552.5,-0.74,False
2022-08-29,33973.0,40285.0,6651.5,-0.95,False
2022-08-30,36485.0,40308.7,6636.1,-0.58,False
2022-08-31,39777.0,40329.4,6633.4,-0.08,False
2022-09-01,37513.0,40135.0,6627.4,-0.4,False
2022-09-02,35804.0,39881.5,6643.3,-0.61,False
2022-09-03,37716.0,39709.4,6629.8,-0.3,False
2022-09-04,33579.0,39458.3,6717.0,-0.88,False
2022-09-05,35286.0,39196.3,6721.5,-0.58,False
2022-09-06,33926.0,38996.5,6788.0,-0.75,False
2022-09-07,36211.0,38826.6,6791.9,-0.39,False
2022-09-08,27636.0,38286.0,7019.6,-1.52,False
2022-09-09,29595.0,37799.0,7101.1,-1.16,False
2022-09-13,22813.0,37131.7,7538.9,-1.9,False
2022-09-14,30369.0,36818.1,7620.3,-0.85,False
2022-09-15,29109.0,36397.8,7688.2,-0.95,False
2022-09-16,26449.0,36015.4,7892.4,-1.21,False
2022-09-17,24696.0,35590.3,8151.7,-1.34,False
2022-09-18,22756.0,35151.4,8481.0,-1.46,False
2022-09-19,23133.0,34860.1,8743.5,-1.34,False
2022-09-20,29607.0,34489.4,8721.9,-0.56,False
2022-09-21,31058.0,33311.0,6317.2,-0.36,False
2022-09-22,31287.0,32766.8,5717.4,-0.26,False
2022-09-23,24804.0,32277.7,5751.1,-1.3,False
2022-09-24,25192.0,31857.8,5794.5,-1.15,False
2022-09-25,21353.0,31204.0,5837.6,-1.69,False
2022-09-26,22371.0,30529.0,5639.5,-1.45,False
2022-09-27,25657.0,30565.6,5602.9,-0.88,False
2022-09-28,29369.0,30332.3,5497.7,-0.18,False
2022-09-29,28221.0,30048.0,5373.5,-0.34,False
2022-09-30,18590.0,29477.8,5653.8,-1.93,False
2022-10-01,26790.0,29238.4,5608.8,-0.44,False
2022-10-02,22303.0,28765.7,5574.5,-1.16,False
2022-10-03,28646.0,28394.6,5172.3,0.05,False
2022-10-04,31267.0,28186.4,4911.7,0.63,False
2022-10-05,27360.0,27905.0,4697.4,-0.12,False
2022-10-06,32911.0,27744.8,4425.4,1.17,False
2022-10-07,27980.0,27558.2,4286.7,0.1,False
2022-10-08,30797.0,27408.5,4081.1,0.83,False
2022-10-09,25556.0,27129.5,3902.4,-0.4,False
2022-10-10,25998.0,26789.1,3508.4,-0.23,False
2022-10-11,32976.0,26967.1,3683.9,1.63,False
2022-10-12,28033.0,26915.0,3656.4,0.31,False
2022-10-13,31349.0,27199.6,3658.3,1.13,False
2022-10-14,27912.0,27117.7,3612.1,0.22,False
2022-10-15,25931.0,27011.7,3598.3,-0.3,False
2022-10-16,22729.0,26887.7,3681.5,-1.13,False
2022-10-17,27845.0,26992.7,3661.7,0.23,False
2022-10-18,32134.0,27305.3,3687.7,1.31,False
2022-10-19,31698.0,27590.8,3685.1,1.11,False
2022-10-20,25206.0,27444.1,3689.7,-0.61,False
2022-10-21,25056.0,27244.0,3649.5,-0.6,False
2022-10-22,27589.0,27120.8,3569.8,0.13,False
2022-10-23,14569.0,26779.6,4227.4,-2.89,True
2022-10-24,26833.0,26834.3,4216.7,-0.0,False
2022-10-25,31333.0,27167.0,4162.7,1.0,False
2022-10-26,31946.0,27486.1,4149.4,1.07,False
2022-10-27,31909.0,27694.5,4210.9,1.0,False
2022-10-28,30035.0,27716.7,4221.7,0.55,False
2022-10-29,29600.0,27762.7,4234.9,0.43,False
2022-10-30,20948.0,27841.3,4077.8,-1.69,False
2022-10-31,26425.0,27829.1,4081.5,-0.34,False
2022-11-01,24798.0,27912.3,3989.4,-0.78,False
2022-11-02,27433.0,27871.9,3987.9,-0.11,False
2022-11-03,22523.0,27580.4,4050.2,-1.25,False
2022-11-04,26904.0,27565.2,4052.0,-0.16,False
2022-11-05,16002.0,27001.6,4440.1,-2.48,True
2022-11-06,12356.0,26480.8,5176.6,-2.73,True
2022-11-07,21568.0,26173.1,5185.5,-0.89,False
2022-11-08,24740.0,26145.9,5191.0,-0.27,False
2022-11-09,28390.0,26225.7,5207.0,0.42,False
2022-11-10,44491.0,26609.5,6074.0,2.94,True
2022-11-11,30372.0,26687.5,6107.8,0.6,False
2022-11-12,27142.0,26547.2,6045.1,0.1,False
2022-11-13,21247.0,26325.1,6115.2,-0.83,False
2022-11-14,27202.0,26367.4,6116.8,0.14,False
2022-11-15,22329.0,26354.1,6125.5,-0.66,False
2022-11-16,19717.0,26083.2,6236.0,-1.02,False
2022-11-17,23617.0,25799.3,6144.2,-0.36,False
2022-11-18,26362.0,25621.4,6044.0,0.12,False
2022-11-19,22206.0,25521.4,6075.8,-0.55,False
2022-11-20,16477.0,25235.4,6296.4,-1.39,False
2022-11-21,19945.0,24980.6,6352.3,-0.79,False
2022-11-22,27334.0,25406.1,6051.2,0.32,False
2022-11-23,24203.0,25318.5,6048.9,-0.18,False
2022-11-24,25117.0,25111.3,5941.2,0.0,False
2022-11-25,26813.0,24940.2,5810.1,0.32,False
2022-11-26,22170.0,24615.5,5677.9,-0.43,False
2022-11-27,12963.0,24046.5,5964.3,-1.86,False
2022-11-28,24243.0,23867.9,5871.7,0.06,False
2022-11-29,26993.0,24069.4,5871.8,0.5,False
2022-11-30,27803.0,24115.3,5896.2,0.63,False
2022-12-01,27290.0,24198.4,5923.6,0.52,False
2022-12-02,23483.0,24066.7,5893.1,-0.1,False
2022-12-03,19083.0,23952.1,5957.3,-0.82,False
2022-12-04,14468.0,23537.5,6173.5,-1.47,False
2022-12-05,23305.0,23781.0,6007.9,-0.08,False
2022-12-06,25799.0,24229.1,5614.9,0.28,False
2022-12-07,24522.0,24327.5,5592.4,0.03,False
2022-12-08,22615.0,24256.7,5600.5,-0.29,False
2022-12-09,21436.0,24024.9,5567.3,-0.47,False
2022-12-10,16736.0,23099.7,4183.1,-1.52,False
2022-12-11,9815.0,22414.5,4612.4,-2.73,True
2022-12-12,13323.0,21953.9,4809.8,-1.79,False
2022-12-13,16502.0,21795.7,4910.8,-1.08,False
2022-12-14,16562.0,21441.0,4891.1,-1.0,False
2022-12-15,17133.0,21267.8,4950.2,-0.84,False
2022-12-16,15533.0,21128.4,5053.3,-1.11,False
2022-12-17,13000.0,20774.5,5241.3,-1.48,False
2022-12-18,5848.0,20090.7,5796.0,-2.46,True
2022-12-19,13190.0,19790.1,5915.0,-1.12,False
2022-12-20,18168.0,19846.5,5890.4,-0.28,False
2022-12-21,16640.0,19736.3,5919.3,-0.52,False
2022-12-22,13628.0,19279.5,5841.1,-0.97,False
2022-12-23,9256.0,18781.2,6040.7,-1.58,False
2022-12-24,8275.0,18219.8,6211.8,-1.6,False
2022-12-25,16248.0,17867.7,6003.8,-0.27,False
2022-12-26,7280.0,17371.3,6246.4,-1.62,False
2022-12-27,6991.0,17172.3,6482.5,-1.57,False
2022-12-28,6450.0,16579.2,6625.6,-1.53,False
2022-12-29,11251.0,16054.4,6391.7,-0.75,False
2022-12-30,9309.0,15438.0,6104.9,-1.0,False
2022-12-31,7622.0,14782.4,5838.5,-1.23,False
2023-01-01,10057.0,14334.8,5660.4,-0.76,False
2023-01-02,11660.0,14087.4,5607.7,-0.43,False
2023-01-03,12477.0,14021.0,5614.8,-0.27,False
2023-01-04,16595.0,13797.4,5360.1,0.52,False
2023-01-05,18454.0,13552.5,4944.6,0.99,False
2023-01-06,18110.0,13338.8,4579.2,1.04,False
2023-01-07,12075.0,12987.5,4234.3,-0.22,False
2023-01-08,9238.0,12580.9,3972.6,-0.84,False
2023-01-09,21877.0,12752.2,4258.6,2.14,True
2023-01-10,17140.0,12996.4,4294.3,0.96,False
2023-01-11,22946.0,13317.2,4663.1,2.06,True
2023-01-12,21908.0,13497.4,4889.4,1.72,False
2023-01-13,21559.0,13663.9,5078.8,1.55,False
2023-01-14,14179.0,13565.5,5037.7,0.12,False
2023-01-15,15260.0,13556.4,5034.3,0.34,False
2023-01-16,19725.0,13780.5,5156.9,1.15,False
2023-01-17,22191.0,14325.3,5153.2,1.53,False
2023-01-18,22676.0,14641.5,5367.7,1.5,False
2023-01-19,22840.0,14797.2,5538.6,1.45,False
2023-01-20,20197.0,14915.8,5616.9,0.94,False
2023-01-21,17182.0,15034.3,5626.3,0.38,False
2023-01-22,14000.0,15192.4,5524.0,-0.22,False
2023-01-23,20369.0,15595.5,5442.5,0.88,False
2023-01-24,23512.0,15837.7,5630.9,1.36,False
2023-01-25,20283.0,16271.1,5446.9,0.74,False
2023-01-26,22270.0,16780.4,5260.4,1.04,False
2023-01-27,21258.0,17274.0,4942.8,0.81,False
2023-01-28,17423.0,17479.7,4810.1,-0.01,False
2023-01-29,14243.0,17644.2,4600.9,-0.74,False
2023-01-30,22516.0,18140.7,4274.1,1.02,False
2023-01-31,25284.0,18648.2,4184.2,1.59,False
2023-02-01,22544.0,19011.0,4026.3,0.88,False
2023-02-02,24988.0,19428.1,3973.7,1.4,False
2023-02-03,22473.0,19624.0,3974.2,0.72,False
2023-02-04,19998.0,19675.5,3968.5,0.08,False
2023-02-05,17643.0,19659.9,3975.7,-0.51,False
2023-02-06,23201.0,20030.8,3756.7,0.84,False
2023-02-07,24549.0,20541.1,3245.1,1.24,False
2023-02-08,24556.0,20630.4,3319.1,1.18,False
2023-02-09,25065.0,20894.6,3347.0,1.25,False
2023-02-10,21976.0,20862.3,3331.1,0.33,False
2023-02-11,18950.0,20763.7,3342.9,-0.54,False
2023-02-12,16207.0,20585.3,3440.4,-1.27,False
2023-02-13,23082.0,20882.0,3247.3,0.68,False
2023-02-14,24606.0,21193.6,3135.7,1.09,False
2023-02-15,24871.0,21365.1,3192.8,1.1,False
2023-02-16,24088.0,21428.3,3228.3,0.82,False
2023-02-17,22367.0,21418.0,3224.7,0.29,False
2023-02-18,18355.0,21268.5,3260.3,-0.89,False
2023-02-19,18965.0,21227.5,3281.9,-0.69,False
2023-02-20,23165.0,21426.9,3208.6,0.54,False
2023-02-21,25510.0,21810.6,2969.1,1.25,False
2023-02-22,21078.0,21834.2,2960.1,-0.26,False
2023-02-23,24289.0,21860.1,2978.6,0.82,False
2023-02-24,21715.0,21907.8,2963.9,-0.07,False
2023-02-25,17777.0,21758.1,3057.0,-1.3,False
2023-02-26,14359.0,21528.1,3342.1,-2.15,True
2023-02-27,21980.0,21680.0,3251.4,0.09,False
2023-02-28,24214.0,22012.4,2961.7,0.74,False
2023-03-01,24537.0,22079.7,2996.3,0.82,False
2023-03-02,25042.0,22071.7,2987.7,0.99,False
2023-03-03,21679.0,22042.8,2987.2,-0.12,False
2023-03-04,17089.0,21779.5,3065.7,-1.53,False
2023-03-05,13496.0,21480.3,3414.0,-2.34,True
2023-03-06,18466.0,21429.2,3448.3,-0.86,False
2023-03-07,22659.0,21596.4,3379.3,0.31,False
2023-03-08,12916.0,21253.6,3715.8,-2.24,True
2023-03-09,16430.0,20983.0,3762.9,-1.21,False
2023-03-10,16869.0,20726.7,3772.9,-1.02,False
2023-03-11,16072.0,20427.0,3773.6,-1.15,False
2023-03-12,15130.0,20198.8,3882.1,-1.31,False
2023-03-13,20956.0,20265.6,3877.1,0.18,False
2023-03-14,22545.0,20476.9,3820.6,0.54,False
2023-03-15,35223.0,20881.6,4657.5,3.08,True
2023-03-16,25355.0,20906.6,4680.1,0.95,False
2023-03-17,20520.0,20761.5,4620.0,-0.05,False
2023-03-18,17431.0,20539.6,4614.6,-0.67,False
2023-03-19,16518.0,20344.7,4658.1,-0.82,False
2023-03-20,21503.0,20449.6,4647.2,0.23,False
2023-03-21,26442.0,20698.8,4763.8,1.21,False
2023-03-22,24894.0,20756.5,4805.0,0.86,False
2023-03-23,22757.0,20664.7,4736.9,0.44,False
2023-03-24,19172.0,20601.2,4743.9,-0.3,False
2023-03-25,20784.0,20484.3,4692.8,0.06,False
2023-03-26,11917.0,20157.7,4938.7,-1.67,False
2023-03-27,24105.0,20368.7,4968.6,0.75,False
2023-03-28,19953.0,20555.1,4838.5,-0.12,False
2023-03-29,22314.0,20566.3,4842.3,0.36,False
2023-03-30,24155.0,20564.3,4840.8,0.74,False
2023-03-31,12799.0,20173.0,4981.0,-1.48,False
2023-04-01,17919.0,19935.6,4910.1,-0.41,False
2023-04-02,17047.0,19781.2,4926.2,-0.56,False
2023-04-03,23165.0,19983.7,4936.6,0.64,False
2023-04-04,27178.0,20439.8,4948.6,1.36,False
2023-04-05,22358.0,20569.5,4946.1,0.36,False
2023-04-06,19378.0,20460.2,4934.5,-0.22,False
2023-04-07,20501.0,20713.0,4724.5,-0.04,False
2023-04-08,19160.0,20804.0,4665.1,-0.35,False
2023-04-09,18659.0,20863.7,4624.3,-0.48,False
2023-04-10,9910.0,20658.3,4968.5,-2.16,True
2023-04-11,17578.0,20739.9,4894.1,-0.65,False
2023-04-12,20170.0,20713.7,4895.0,-0.11,False
2023-04-13,24619.0,20782.8,4936.3,0.78,False
2023-04-14,17098.0,20178.6,4155.3,-0.74,False
2023-04-15,20620.0,20020.8,4040.3,0.15,False
2023-04-16,19533.0,19987.9,4040.1,-0.11,False
2023-04-17,25639.0,20261.5,4137.7,1.3,False
2023-04-18,26199.0,20584.2,4212.5,1.33,False
2023-04-19,28213.0,20807.9,4435.2,1.67,False
2023-04-20,25013.0,20760.2,4380.0,0.97,False
2023-04-21,21047.0,20632.0,4310.5,0.1,False
2023-04-22,23061.0,20642.1,4316.1,0.56,False
2023-04-23,14485.0,20485.9,4453.7,-1.35,False
2023-04-24,18546.0,20411.3,4467.3,-0.42,False
2023-04-25,27546.0,20932.3,4352.4,1.52,False
2023-04-26,27144.0,21033.6,4462.7,1.37,False
2023-04-27,20555.0,21053.6,4459.1,-0.11,False
2023-04-28,24246.0,21118.0,4491.7,0.7,False
2023-04-29,26860.0,21208.2,4581.1,1.23,False
2023-04-30,22578.0,21534.2,4301.5,0.24,False
2023-05-01,21856.0,21665.4,4247.1,0.04,False
2023-05-02,27328.0,22008.1,4276.2,1.24,False
2023-05-03,29884.0,22232.1,4508.6,1.7,False
2023-05-04,29186.0,22299.0,4598.5,1.5,False
2023-05-05,25205.0,22393.9,4629.1,0.61,False
2023-05-06,12508.0,22164.9,4942.7,-1.95,False
2023-05-07,24114.0,22285.3,4944.8,0.37,False
2023-05-08,17296.0,22223.2,4996.9,-0.99,False
2023-05-09,25668.0,22456.8,4988.3,0.64,False
2023-05-10,28228.0,23067.4,4496.4,1.15,False
2023-05-11,28547.0,23433.1,4480.6,1.14,False
2023-05-12,21518.0,23478.0,4453.4,-0.44,False
2023-05-13,22255.0,23399.2,4453.4,-0.26,False
2023-05-14,24380.0,23641.9,4293.7,0.17,False
2023-05-15,26352.0,23833.0,4282.1,0.59,False
2023-05-16,31336.0,24226.4,4413.6,1.61,False
2023-05-17,30931.0,24402.8,4574.9,1.43,False
2023-05-18,32622.0,24616.9,4806.3,1.67,False
2023-05-19,28248.0,24618.1,4807.2,0.76,False
2023-05-20,27622.0,24705.1,4838.1,0.6,False
2023-05-21,22705.0,24760.3,4804.2,-0.43,False
2023-05-22,28265.0,24933.8,4834.6,0.69,False
2023-05-23,31552.0,25502.7,4558.9,1.33,False
2023-05-24,32732.0,25975.6,4548.2,1.49,False
2023-05-25,31272.0,26099.8,4642.4,1.11,False
2023-05-26,28063.0,26130.4,4652.6,0.42,False
2023-05-27,26203.0,26318.7,4531.9,-0.03,False
2023-05-28,28236.0,26451.7,4527.5,0.39,False
2023-05-29,22897.0,26319.6,4572.8,-0.75,False
2023-05-30,27850.0,26495.3,4525.1,0.3,False
2023-05-31,27023.0,26667.5,4439.9,0.08,False
2023-06-01,29228.0,26730.9,4463.2,0.56,False
2023-06-02,26338.0,26612.7,4423.6,-0.06,False
2023-06-03,24946.0,26471.3,4406.2,-0.35,False
2023-06-04,25452.0,26479.6,4404.0,-0.23,False
2023-06-05,27024.0,26963.4,3525.9,0.02,False
2023-06-06,29562.0,27145.0,3514.4,0.69,False
2023-06-07,31385.0,27614.7,3065.6,1.23,False
2023-06-08,31805.0,27819.2,3135.2,1.27,False
2023-06-09,28682.0,27834.4,3138.3,0.27,False
2023-06-10,28942.0,27847.5,3142.2,0.35,False
2023-06-11,23884.0,27926.4,3004.5,-1.35,False
2023-06-12,27267.0,28093.5,2811.4,-0.29,False
2023-06-13,33633.0,28401.9,2896.3,1.81,False
2023-06-14,34133.0,28661.3,3050.7,1.79,False
2023-06-15,33994.0,28749.9,3167.4,1.66,False
2023-06-16,31214.0,28759.3,3174.5,0.77,False
2023-06-17,27925.0,28602.7,3092.2,-0.22,False
2023-06-18,19793.0,28320.9,3485.9,-2.45,True
2023-06-19,31319.0,28444.1,3525.5,0.82,False
2023-06-20,27795.0,28613.8,3358.3,-0.24,False
2023-06-21,34400.0,28818.3,3519.2,1.59,False
2023-06-22,33414.0,28880.4,3584.9,1.26,False
2023-06-23,31387.0,28835.5,3543.2,0.72,False
2023-06-24,27836.0,28721.0,3517.2,-0.25,False
2023-06-25,26421.0,28666.3,3540.5,-0.63,False
2023-06-26,30515.0,28810.0,3524.5,0.48,False
2023-06-27,33311.0,28979.2,3616.6,1.2,False
2023-06-28,33594.0,29335.7,3522.4,1.21,False
2023-06-29,29493.0,29390.5,3511.2,0.03,False
2023-06-30,27775.0,29415.6,3496.4,-0.47,False
2023-07-01,25973.0,29307.1,3552.5,-0.94,False
2023-07-02,23550.0,29214.1,3667.4,-1.54,False
2023-07-03,27733.0,29307.0,3590.1,-0.44,False
2023-07-04,22448.0,29206.9,3740.1,-1.81,False
2023-07-05,31332.0,29350.5,3736.1,0.53,False
2023-07-06,33419.0,29479.1,3809.3,1.03,False
2023-07-07,30918.0,29463.5,3802.1,0.38,False
2023-07-08,21369.0,29115.6,4049.9,-1.91,False
2023-07-09,25105.0,28996.4,4115.2,-0.95,False
2023-07-10,29471.0,29014.0,4116.1,0.11,False
2023-07-11,31333.0,29262.3,4019.5,0.52,False
2023-07-12,32002.0,29420.2,4031.4,0.64,False
2023-07-13,30799.0,29325.7,3961.9,0.37,False
2023-07-14,16836.0,28749.1,4464.8,-2.67,True
2023-07-15,23188.0,28388.9,4463.0,-1.17,False
2023-07-16,20707.0,28038.7,4642.3,-1.58,False
2023-07-17,28595.0,28061.0,4643.4,0.11,False
2023-07-18,32021.0,28468.6,4424.1,0.8,False
2023-07-19,30464.0,28440.1,4407.8,0.46,False
2023-07-20,29213.0,28487.4,4408.3,0.16,False
2023-07-21,26623.0,28228.2,4275.2,-0.38,False
2023-07-22,12555.0,27532.9,5032.0,-2.98,True
2023-07-23,22195.0,27226.5,5068.9,-0.99,False
2023-07-24,23840.0,27093.3,5104.7,-0.64,False
2023-07-25,31258.0,27254.5,5158.9,0.78,False
2023-07-26,25701.0,27094.0,5128.7,-0.27,False
2023-07-27,28257.0,26925.6,4998.8,0.27,False
2023-07-28,26866.0,26701.3,4837.7,0.03,False
2023-07-29,25030.0,26552.5,4817.4,-0.32,False
2023-07-30,14680.0,26116.0,5274.4,-2.17,True
2023-07-31,23273.0,26026.0,5299.9,-0.52,False
2023-08-01,30055.0,26242.9,5328.1,0.72,False
2023-08-02,20622.0,26005.8,5417.0,-0.99,False
2023-08-03,29822.0,26251.6,5417.3,0.66,False
2023-08-04,24950.0,26038.9,5335.6,-0.2,False
2023-08-05,11638.0,25312.9,5761.6,-2.37,True
2023-08-06,20489.0,24965.2,5726.3,-0.78,False
2023-08-07,26633.0,25140.7,5692.8,0.26,False
2023-08-08,22220.0,25044.5,5717.8,-0.49,False
2023-08-09,31797.0,25122.1,5795.1,1.15,False
2023-08-10,30950.0,25109.3,5781.4,1.01,False
2023-08-11,25919.0,24906.5,5636.1,0.18,False
2023-08-12,21618.0,24600.5,5553.8,-0.54,False
2023-08-13,21004.0,24739.4,5403.0,-0.69,False
2023-08-14,23659.0,24755.1,5399.0,-0.2,False
2023-08-15,30905.0,25095.1,5456.1,1.06,False
2023-08-16,31139.0,25179.9,5531.6,1.08,False
2023-08-17,30208.0,25119.4,5463.7,0.93,False
2023-08-18,22095.0,24840.5,5394.7,-0.51,False
2023-08-19,23972.0,24665.8,5332.7,-0.13,False
2023-08-20,22199.0,24518.3,5337.9,-0.43,False
2023-08-21,26908.0,24996.7,4849.5,0.39,False
2023-08-22,29974.0,25256.0,4902.2,0.96,False
2023-08-23,31121.0,25498.7,5008.8,1.12,False
2023-08-24,25099.0,25293.4,4889.4,-0.04,False
2023-08-25,24193.0,25243.2,4892.8,-0.21,False
2023-08-26,17560.0,24886.6,5052.7,-1.45,False
2023-08-27,19437.0,24639.0,5133.8,-1.01,False
2023-08-28,20941.0,24502.7,5177.1,-0.69,False
2023-08-29,25496.0,24863.2,4834.8,0.13,False
2023-08-30,28658.0,25042.7,4873.5,0.74,False
2023-08-31,25246.0,24882.4,4781.2,0.08,False
2023-09-01,22500.0,24945.0,4735.6,-0.52,False
2023-09-02,24676.0,24773.5,4645.2,-0.02,False
2023-09-03,23620.0,24729.1,4649.8,-0.24,False
2023-09-04,29255.0,25316.4,4007.5,0.98,False
2023-09-05,32202.0,25706.8,4090.7,1.59,False
2023-09-06,32805.0,25912.5,4289.3,1.61,False
2023-09-07,32955.0,26270.4,4416.5,1.51,False
2023-09-08,28949.0,26175.4,4323.2,0.64,False
2023-09-09,27049.0,26045.4,4232.4,0.24,False
2023-09-10,23874.0,25977.2,4250.9,-0.49,False
2023-09-11,29830.0,26251.0,4224.9,0.85,False
2023-09-12,30120.0,26554.8,4161.8,0.86,False
2023-09-13,32498.0,26849.5,4261.4,1.33,False
2023-09-14,33728.0,26943.6,4383.5,1.55,False
2023-09-15,31064.0,26941.1,4381.0,0.94,False
2023-09-16,30357.0,26946.0,4385.0,0.78,False
2023-09-17,18550.0,26827.9,4564.3,-1.81,False
2023-09-18,27640.0,26950.1,4534.2,0.15,False
2023-09-19,29351.0,27188.5,4463.2,0.48,False
2023-09-20,20255.0,26966.8,4639.4,-1.45,False
2023-09-21,25476.0,26816.8,4611.5,-0.29,False
2023-09-22,27114.0,26683.3,4540.0,0.09,False
2023-09-23,25774.0,26705.8,4533.6,-0.21,False
2023-09-24,21672.0,26621.7,4604.6,-1.07,False
2023-09-25,30015.0,27036.9,4311.5,0.69,False
2023-09-26,32817.0,27482.9,4188.5,1.27,False
2023-09-27,32974.0,27884.0,4116.0,1.24,False
2023-09-28,31866.0,28096.3,4152.7,0.91,False
2023-09-29,29345.0,28119.2,4157.8,0.29,False
2023-09-30,26985.0,28177.2,4128.4,-0.29,False
2023-10-01,23581.0,28213.2,4081.6,-1.13,False
2023-10-02,27565.0,28309.5,4029.0,-0.18,False
2023-10-03,32327.0,28599.8,3992.9,0.93,False
2023-10-04,28835.0,28585.8,3991.3,0.06,False
2023-10-05,32855.0,28607.5,4013.4,1.06,False
2023-10-06,30346.0,28525.6,3949.3,0.46,False
2023-10-07,29235.0,28401.6,3862.9,0.22,False
2023-10-08,26897.0,28333.2,3871.1,-0.37,False
2023-10-09,32098.0,28501.5,3922.7,0.92,False
2023-10-10,34751.0,28864.0,3982.5,1.48,False
2023-10-11,30869.0,28898.7,3995.7,0.49,False
2023-10-12,26037.0,28762.6,4022.1,-0.68,False
2023-10-13,23246.0,28454.2,4080.1,-1.28,False
2023-10-14,24959.0,28161.9,4002.6,-0.8,False
2023-10-15,20629.0,27814.0,4190.7,-1.71,False
2023-10-16,26387.0,27681.7,4170.2,-0.31,False
2023-10-17,30079.0,28066.0,3815.9,0.53,False
2023-10-18,20763.0,27836.8,4042.2,-1.75,False
2023-10-19,24240.0,27666.4,4083.7,-0.84,False
2023-10-20,23254.0,27766.4,3929.8,-1.15,False
2023-10-21,13607.0,27370.7,4691.9,-2.93,True
2023-10-22,20607.0,27153.8,4851.8,-1.35,False
2023-10-23,22990.0,27061.0,4905.5,-0.83,False
2023-10-24,24024.0,27139.4,4834.7,-0.64,False
2023-10-25,25742.0,26997.0,4809.9,-0.26,False
2023-10-26,24919.0,26733.7,4695.1,-0.39,False
2023-10-27,23170.0,26406.9,4585.7,-0.71,False
2023-10-28,18917.0,25975.3,4662.9,-1.51,False
2023-10-29,12283.0,25406.6,5242.3,-2.5,True
2023-10-30,25217.0,25347.6,5233.9,-0.02,False
2023-10-31,26977.0,25460.8,5231.1,0.29,False
2023-11-01,23636.0,25329.9,5225.8,-0.32,False
2023-11-02,18016.0,24852.8,5218.2,-1.31,False
2023-11-03,22569.0,24644.0,5178.5,-0.4,False
2023-11-04,16501.0,24098.8,5145.0,-1.48,False
2023-11-05,16712.0,23644.4,5176.3,-1.34,False
2023-11-06,25550.0,23521.5,5081.9,0.4,False
2023-11-07,28644.0,23579.8,5131.7,0.99,False
2023-11-08,20807.0,23203.4,4893.9,-0.49,False
2023-11-09,24668.0,22867.3,4394.2,0.41,False
2023-11-10,21370.0,22550.7,4132.2,-0.29,False
2023-11-11,23584.0,22468.9,4084.8,0.27,False
2023-11-12,13138.0,22132.0,4421.5,-2.03,True
2023-11-13,22708.0,22056.9,4390.9,0.15,False
2023-11-14,23982.0,22168.7,4396.0,0.41,False
2023-11-15,27748.0,22214.1,4447.7,1.24,False
2023-11-16,23874.0,22007.2,4207.1,0.44,False
2023-11-17,23921.0,22112.5,4214.4,0.43,False
2023-11-18,15733.0,21828.9,4350.3,-1.4,False
2023-11-19,15925.0,21584.6,4471.7,-1.27,False
2023-11-20,24893.0,21960.8,4246.4,0.69,False
2023-11-21,26809.0,22167.6,4328.4,1.07,False
2023-11-22,26987.0,22300.8,4415.3,1.06,False
2023-11-23,28428.0,22447.6,4545.8,1.32,False
2023-11-24,22938.0,22354.1,4504.4,0.13,False
2023-11-25,18174.0,22129.3,4540.1,-0.87,False
2023-11-26,12352.0,21768.7,4872.1,-1.93,False
2023-11-27,18876.0,21767.3,4872.9,-0.59,False
2023-11-28,25772.0,22217.0,4581.2,0.78,False
2023-11-29,25362.0,22221.8,4584.6,0.68,False
2023-11-30,23655.0,22111.1,4505.2,0.34,False
2023-12-01,19468.0,21972.1,4520.8,-0.55,False
2023-12-02,13943.0,21836.4,4701.2,-1.68,False
2023-12-03,9821.0,21411.4,5184.1,-2.24,True
2023-12-04,18341.0,21472.8,5134.6,-0.61,False
2023-12-05,21051.0,21617.4,5056.4,-0.11,False
2023-12-06,23486.0,21548.6,5014.9,0.39,False
2023-12-07,20875.0,21289.6,4833.2,-0.09,False
2023-12-08,22651.0,21351.1,4838.6,0.27,False
2023-12-09,14808.0,21022.4,4939.3,-1.26,False
2023-12-10,11458.0,20692.0,5237.8,-1.76,False
2023-12-11,23316.0,20683.1,5232.9,0.5,False
2023-12-12,21508.0,20962.1,5036.2,0.11,False
2023-12-13,21655.0,20927.0,5027.2,0.14,False
2023-12-14,21133.0,20832.0,4994.3,0.06,False
2023-12-15,20777.0,20599.7,4820.6,0.04,False
2023-12-16,16030.0,20338.2,4849.5,-0.89,False
2023-12-17,13532.0,19991.9,4954.7,-1.3,False
2023-12-18,19020.0,20101.5,4893.2,-0.22,False
2023-12-19,12512.0,19987.7,5031.4,-1.49,False
2023-12-20,18723.0,19782.0,4949.4,-0.21,False
2023-12-21,16068.0,19424.0,4810.1,-0.7,False
2023-12-22,12935.0,18955.6,4731.7,-1.27,False
2023-12-23,9630.0,18329.0,4678.5,-1.86,False
2023-12-24,6920.0,17795.1,5034.8,-2.16,True
2023-12-25,13302.0,17632.7,5100.3,-0.85,False
2023-12-26,7198.0,17460.9,5364.3,-1.91,False
2023-12-27,6704.0,17055.1,5703.2,-1.81,False
2023-12-28,7947.0,16461.0,5692.2,-1.5,False
2023-12-29,10987.0,15981.8,5519.5,-0.9,False
2023-12-30,8781.0,15486.0,5474.3,-1.22,False
2023-12-31,8363.0,15115.8,5570.4,-1.21,False
2024-01-01,8165.0,14923.2,5710.5,-1.18,False
2024-01-02,9754.0,14921.0,5712.6,-0.9,False
2024-01-03,15227.0,14817.2,5676.5,0.07,False
2024-01-04,12966.0,14547.7,5561.0,-0.28,False
2024-01-05,15406.0,14278.4,5302.9,0.21,False
2024-01-06,13347.0,14027.4,5156.1,-0.13,False
2024-01-07,11472.0,13654.8,4909.4,-0.44,False
2024-01-08,17374.0,13740.3,4952.3,0.73,False
2024-01-09,20621.0,14045.8,5087.4,1.29,False
2024-01-10,20849.0,13963.5,4950.5,1.39,False
2024-01-11,21066.0,13948.8,4927.9,1.44,False
2024-01-12,18776.0,13852.8,4799.0,1.03,False
2024-01-13,14668.0,13637.3,4601.9,0.22,False
2024-01-14,12891.0,13374.5,4400.9,-0.11,False
2024-01-15,20242.0,13514.9,4553.1,1.48,False
2024-01-16,22345.0,13808.6,4830.1,1.77,False
2024-01-17,22050.0,13909.6,4972.4,1.64,False
2024-01-18,21362.0,14204.6,5146.1,1.39,False
2024-01-19,18761.0,14205.9,5147.3,0.88,False
2024-01-20,14547.0,14155.2,5135.8,0.08,False
2024-01-21,11587.0,14110.3,5152.7,-0.49,False
2024-01-22,21028.0,14490.2,5230.6,1.25,False
2024-01-23,20417.0,14940.1,5136.6,1.07,False
2024-01-24,24607.0,15316.9,5419.2,1.71,False
2024-01-25,24630.0,15898.0,5453.1,1.6,False
2024-01-26,21635.0,16395.7,5263.1,1.0,False
2024-01-27,16926.0,16695.0,5015.5,0.05,False
2024-01-28,15496.0,16845.3,4904.9,-0.28,False
2024-01-29,22806.0,17312.8,4776.5,1.15,False
2024-01-30,22254.0,17775.8,4546.8,0.98,False
2024-01-31,24452.0,18318.7,4326.7,1.42,False
2024-02-01,24760.0,18818.9,4166.8,1.43,False
2024-02-02,21346.0,19022.9,4134.6,0.56,False
2024-02-03,17353.0,19169.1,3987.9,-0.46,False
2024-02-04,14941.0,19153.6,4003.9,-1.05,False
2024-02-05,22200.0,19448.7,3885.7,0.71,False
2024-02-06,23254.0,19841.5,3639.3,0.94,False
2024-02-07,23480.0,20045.0,3667.2,0.94,False
2024-02-08,12236.0,19765.5,3931.7,-1.92,False
2024-02-09,17473.0,19653.0,3947.9,-0.55,False
2024-02-10,15913.0,19481.2,3996.2,-0.89,False
2024-02-11,15102.0,19358.7,4074.0,-1.04,False
2024-02-12,22232.0,19610.9,4007.3,0.65,False
2024-02-13,20193.0,19854.3,3801.5,0.09,False
2024-02-14,21842.0,19907.6,3818.3,0.51,False
2024-02-15,24853.0,19991.2,3900.1,1.25,False
2024-02-16,21653.0,19978.0,3893.5,0.43,False
2024-02-17,16787.0,19825.5,3926.9,-0.77,False
2024-02-18,14943.0,19698.2,4023.3,-1.18,False
2024-02-19,22584.0,19966.1,3935.1,0.67,False
2024-02-20,25161.0,20418.6,3712.5,1.28,False
2024-02-21,16907.0,20281.2,3765.0,-0.9,False
2024-02-22,16240.0,20142.0,3836.4,-1.02,False
2024-02-23,18488.0,19938.0,3752.6,-0.39,False
2024-02-24,17565.0,19702.5,3668.7,-0.58,False
2024-02-25,12600.0,19401.3,3869.9,-1.76,False
2024-02-26,20621.0,19524.5,3847.1,0.29,False
2024-02-27,24672.0,19830.4,3880.4,1.25,False
2024-02-28,24066.0,19872.4,3920.4,1.07,False
2024-02-29,17795.0,19723.7,3911.5,-0.49,False
2024-03-01,15275.0,19417.8,3887.7,-1.07,False
2024-03-02,13094.0,19029.0,3918.3,-1.51,False
2024-03-03,16165.0,18856.3,3926.8,-0.69,False
2024-03-04,22708.0,19034.8,3977.5,0.92,False
2024-03-05,24522.0,19354.1,4021.9,1.28,False
2024-03-06,25805.0,19474.3,4161.3,1.52,False
2024-03-07,25302.0,19542.6,4241.4,1.36,False
2024-03-08,22617.0,19513.8,4216.7,0.74,False
2024-03-09,20974.0,19805.1,3992.4,0.29,False
2024-03-10,7453.0,19471.1,4571.4,-2.63,True
2024-03-11,22027.0,19674.9,4543.5,0.52,False
2024-03-12,16055.0,19706.6,4513.7,-0.81,False
2024-03-13,26014.0,19832.7,4637.7,1.33,False
2024-03-14,25638.0,20014.2,4757.3,1.18,False
2024-03-15,22472.0,20035.2,4767.1,0.51,False
2024-03-16,22991.0,19973.1,4714.0,0.64,False
2024-03-17,16611.0,19805.1,4741.8,-0.67,False
2024-03-18,25532.0,20096.6,4818.1,1.13,False
2024-03-19,27047.0,20500.0,4878.1,1.34,False
2024-03-20,28339.0,20691.9,5072.2,1.51,False
2024-03-21,28171.0,20792.2,5192.0,1.42,False
2024-03-22,22237.0,20969.9,5145.4,0.25,False
2024-03-23,19114.0,21065.7,5080.7,-0.38,False
2024-03-24,18184.0,21055.5,5086.3,-0.56,False
2024-03-25,23365.0,21248.9,5059.2,0.42,False
2024-03-26,19256.0,21470.7,4806.5,-0.46,False
2024-03-27,23135.0,21554.5,4813.0,0.33,False
2024-03-28,16555.0,21284.0,4859.7,-0.97,False
2024-03-29,15666.0,21004.0,4935.3,-1.08,False
2024-03-30,19839.0,21072.1,4903.4,-0.25,False
2024-03-31,13846.0,21024.5,4968.2,-1.44,False
2024-04-01,17269.0,21163.6,4793.8,-0.81,False
2024-04-02,18443.0,21239.6,4729.5,-0.59,False
2024-04-03,22747.0,21240.9,4729.9,0.32,False
2024-04-04,22065.0,21159.0,4692.3,0.19,False
2024-04-05,20794.0,20991.9,4609.7,-0.04,False
2024-04-06,23316.0,20925.7,4559.6,0.52,False
2024-04-07,19508.0,20822.1,4555.2,-0.29,False
2024-04-08,21383.0,20835.7,4556.3,0.12,False
2024-04-09,22311.0,21331.0,3795.4,0.26,False
2024-04-10,24217.0,21404.0,3830.1,0.73,False
2024-04-11,27753.0,21793.9,3862.1,1.54,False
2024-04-12,26590.0,21813.1,3885.2,1.23,False
2024-04-13,27897.0,21888.4,3982.6,1.51,False
2024-04-14,21129.0,21843.7,3983.3,-0.18,False
2024-04-15,20542.0,21762.0,3984.1,-0.31,False
2024-04-16,24947.0,22039.9,3902.3,0.74,False
2024-04-17,26021.0,22056.2,3918.4,1.01,False
2024-04-18,27036.0,22055.8,3917.9,1.27,False
2024-04-19,20627.0,21798.8,3740.4,-0.31,False
2024-04-20,21503.0,21576.5,3541.5,-0.02,False
2024-04-21,18302.0,21445.3,3588.8,-0.88,False
2024-04-22,23763.0,21600.3,3585.0,0.6,False
2024-04-23,24231.0,21801.9,3556.2,0.68,False
2024-04-24,26384.0,21902.5,3643.6,1.23,False
2024-04-25,23394.0,22040.4,3618.2,0.37,False
2024-04-26,25356.0,22114.5,3663.8,0.88,False
2024-04-27,15542.0,22080.7,3721.0,-1.76,False
2024-04-28,13003.0,21991.9,3906.4,-2.3,True
2024-04-29,26869.0,22226.3,3983.0,1.17,False
2024-04-30,30708.0,22788.3,3949.2,2.01,True
2024-05-01,29891.0,23209.1,4012.7,1.67,False
2024-05-02,27628.0,23515.2,3986.9,1.03,False
2024-05-03,15949.0,23288.6,4218.5,-1.74,False
2024-05-04,24103.0,23356.6,4214.5,0.18,False
2024-05-05,23210.0,23437.1,4186.9,-0.05,False
2024-05-06,10650.0,23014.9,4794.1,-2.58,True
2024-05-07,28753.0,23323.1,4857.6,1.12,False
2024-05-08,31851.0,23672.0,5084.1,1.61,False
2024-05-09,34867.0,24090.5,5470.4,1.97,False
2024-05-10,32848.0,24378.2,5699.4,1.49,False
2024-05-11,31224.0,24493.9,5804.5,1.16,False
2024-05-12,28693.0,24564.0,5843.3,0.71,False
2024-05-13,28924.0,24598.3,5866.5,0.74,False
2024-05-14,25555.0,24745.8,5831.8,0.14,False
2024-05-15,32686.0,25150.6,5950.2,1.27,False
2024-05-16,26043.0,25187.1,5952.2,0.14,False
2024-05-17,29288.0,25296.0,5997.7,0.67,False
2024-05-18,26965.0,25293.7,5997.0,0.28,False
2024-05-19,29327.0,25583.7,5973.9,0.63,False
2024-05-20,32029.0,25934.5,6034.8,1.01,False
2024-05-21,18770.0,25950.1,6014.9,-1.19,False
2024-05-22,16912.0,25721.8,6227.1,-1.41,False
2024-05-23,30325.0,25924.9,6276.0,0.7,False
2024-05-24,27435.0,25959.9,6281.6,0.23,False
2024-05-25,26998.0,26080.1,6265.3,0.15,False
2024-05-26,24974.0,26067.3,6267.2,-0.17,False
2024-05-27,21361.0,26261.3,6015.2,-0.81,False
2024-05-28,22827.0,26588.8,5515.2,-0.68,False
2024-05-29,30638.0,26714.4,5564.5,0.71,False
2024-05-30,26928.0,26588.4,5513.5,0.06,False
2024-05-31,22911.0,26355.7,5516.6,-0.62,False
2024-06-01,23147.0,26206.4,5541.6,-0.55,False
2024-06-02,27536.0,26592.6,5194.9,0.18,False
2024-06-03,27613.0,26709.6,5176.4,0.17,False
2024-06-04,28822.0,26896.7,5146.9,0.37,False
2024-06-05,31069.0,27577.3,4184.5,0.83,False
2024-06-06,31490.0,27668.5,4240.5,0.9,False
2024-06-07,28515.0,27557.3,4170.2,0.23,False
2024-06-08,26075.0,27264.3,3941.4,-0.3,False
2024-06-09,25527.0,27020.2,3808.2,-0.39,False
2024-06-10,23612.0,26766.5,3771.8,-0.84,False
2024-06-11,29792.0,26803.1,3796.4,0.79,False
2024-06-12,30416.0,26852.9,3834.8,0.93,False
2024-06-13,27305.0,26911.2,3827.6,0.1,False
2024-06-14,25647.0,26676.6,3674.1,-0.28,False
2024-06-15,18004.0,26408.6,4000.6,-2.1,True
2024-06-16,26016.0,26299.5,3963.8,-0.07,False
2024-06-17,31195.0,26440.5,4062.3,1.17,False
2024-06-18,32090.0,26532.6,4160.1,1.34,False
2024-06-19,32523.0,26549.1,4183.6,1.43,False
2024-06-20,33747.0,27048.3,4116.3,1.63,False
2024-06-21,30195.0,27491.1,3679.6,0.73,False
2024-06-22,27421.0,27394.3,3640.5,0.01,False
2024-06-23,31926.0,27544.0,3733.4,1.17,False
2024-06-24,31581.0,27696.8,3803.4,1.02,False
2024-06-25,35193.0,28037.4,4003.5,1.79,False
2024-06-26,34526.0,28476.2,3967.8,1.52,False
2024-06-27,33734.0,28839.8,3931.8,1.24,False
2024-06-28,29527.0,28802.8,3919.5,0.18,False
2024-06-29,29410.0,28885.5,3904.8,0.13,False
2024-06-30,24260.0,28930.5,3840.8,-1.22,False
2024-07-01,28305.0,29102.4,3685.3,-0.22,False
2024-07-02,29805.0,29178.0,3675.3,0.17,False
2024-07-03,29043.0,29225.7,3663.6,-0.05,False
2024-07-04,32936.0,29362.8,3724.4,0.96,False
2024-07-05,16055.0,28862.4,4429.3,-2.89,True
2024-07-06,16279.0,28355.3,4957.3,-2.44,True
2024-07-07,18176.0,28010.7,5293.8,-1.86,False
2024-07-08,25185.0,27981.0,5307.5,-0.53,False
2024-07-09,23048.0,27898.4,5366.0,-0.9,False
2024-07-10,31633.0,28165.8,5344.8,0.65,False
2024-07-11,31467.0,28221.6,5371.1,0.6,False
2024-07-12,27209.0,28114.7,5357.8,-0.17,False
2024-07-13,26310.0,28081.5,5366.1,-0.33,False
2024-07-14,26939.0,28124.6,5351.0,-0.22,False
2024-07-15,23402.0,28304.5,5083.0,-0.96,False
2024-07-16,30656.0,28459.2,5081.6,0.43,False
2024-07-17,33485.0,28535.5,5140.9,0.96,False
2024-07-18,33633.0,28587.0,5185.2,0.97,False
2024-07-19,31498.0,28552.8,5161.7,0.57,False
2024-07-20,27786.0,28354.1,5068.8,-0.11,False
2024-07-21,26796.0,28240.8,5064.2,-0.29,False
2024-07-22,29670.0,28315.8,5068.3,0.27,False
2024-07-23,32017.0,28318.8,5070.6,0.73,False
2024-07-24,32737.0,28357.3,5100.5,0.86,False
2024-07-25,28263.0,28126.3,4934.5,0.03,False
2024-07-26,29872.0,27971.2,4797.6,0.4,False
2024-07-27,29672.0,27835.8,4685.4,0.39,False
2024-07-28,28418.0,27798.8,4675.9,0.13,False
2024-07-29,31534.0,27869.6,4717.1,0.78,False
2024-07-30,34732.0,28218.7,4826.9,1.35,False
2024-07-31,34602.0,28428.6,4965.7,1.24,False
2024-08-01,29430.0,28416.1,4962.6,0.2,False
2024-08-02,29491.0,28431.0,4965.2,0.21,False
2024-08-03,28792.0,28292.9,4892.7,0.1,False
2024-08-04,26024.0,28625.2,4340.2,-0.6,False
2024-08-05,30250.0,29090.9,3667.1,0.32,False
2024-08-06,28759.0,29443.7,3035.6,-0.23,False
2024-08-07,30651.0,29625.9,2933.5,0.35,False
2024-08-08,28375.0,29803.4,2671.1,-0.53,False
2024-08-09,29001.0,29715.7,2652.1,-0.27,False
2024-08-10,27356.0,29578.7,2664.7,-0.83,False
2024-08-11,28024.0,29605.8,2643.7,-0.6,False
2024-08-12,29872.0,29724.6,2569.6,0.06,False
2024-08-13,33339.0,29937.9,2595.9,1.31,False
2024-08-14,32006.0,30224.7,2308.2,0.77,False
2024-08-15,30742.0,30227.6,2308.8,0.22,False
2024-08-16,29650.0,30099.7,2227.0,-0.2,False
2024-08-17,29804.0,29972.1,2124.9,-0.08,False
2024-08-18,26903.0,29818.9,2176.1,-1.34,False
2024-08-19,27951.0,29824.4,2171.0,-0.86,False
2024-08-20,31258.0,29973.2,2108.3,0.61,False
2024-08-21,30103.0,29987.6,2107.6,0.05,False
2024-08-22,25087.0,29756.6,2252.3,-2.07,True
2024-08-23,25740.0,29523.4,2294.9,-1.65,False
2024-08-24,10962.0,28946.7,4092.4,-4.39,True
2024-08-25,21969.0,28683.2,4280.8,-1.57,False
2024-08-26,22382.0,28440.2,4427.2,-1.37,False
2024-08-27,29762.0,28485.0,4433.7,0.29,False
2024-08-28,31389.0,28480.2,4430.4,0.66,False
2024-08-29,31271.0,28364.8,4305.3,0.68,False
2024-08-30,28656.0,28166.6,4142.0,0.12,False
2024-08-31,24206.0,27992.5,4196.5,-0.9,False
2024-09-01,25754.0,27867.9,4205.9,-0.5,False
2024-09-02,26535.0,27792.7,4209.0,-0.3,False
2024-09-03,31455.0,27973.7,4247.0,0.82,False
2024-09-04,30954.0,27997.2,4261.9,0.69,False
2024-09-05,22364.0,27784.0,4380.7,-1.24,False
2024-09-06,24344.0,27573.8,4389.7,-0.74,False
2024-09-07,25392.0,27474.4,4404.7,-0.47,False
2024-09-08,21605.0,27227.8,4521.8,-1.24,False
2024-09-09,27188.0,27222.2,4521.7,-0.01,False
2024-09-10,26707.0,27178.3,4520.0,-0.1,False
2024-09-11,28335.0,27127.1,4497.1,0.27,False
2024-09-12,28408.0,26962.7,4349.9,0.33,False
2024-09-13,26739.0,26787.2,4244.4,-0.01,False
2024-09-14,27141.0,26667.1,4179.1,0.11,False
2024-09-15,22895.0,26442.0,4194.8,-0.85,False
2024-09-16,29063.0,26417.3,4176.4,0.63,False
2024-09-17,31957.0,26585.7,4296.9,1.25,False
2024-09-18,32452.0,26735.8,4423.0,1.29,False
2024-09-19,32997.0,26793.7,4495.1,1.38,False
2024-09-20,29257.0,26765.5,4476.2,0.56,False
2024-09-21,29215.0,26903.1,4486.3,0.52,False
2024-09-22,18458.0,26660.4,4741.1,-1.73,False
2024-09-23,24471.0,27110.7,3733.1,-0.71,False
2024-09-24,30929.0,27409.4,3665.4,0.96,False
2024-09-25,25974.0,27529.1,3552.4,-0.44,False
2024-09-26,24899.0,27367.0,3557.9,-0.69,False
2024-09-27,19499.0,26970.7,3751.4,-1.99,False
2024-09-28,25514.0,26778.8,3670.2,-0.34,False
2024-09-29,18982.0,26456.3,3916.3,-1.91,False
2024-09-30,22482.0,26398.8,3962.9,-0.99,False
2024-10-01,20775.0,26232.9,4092.9,-1.33,False
2024-10-02,28362.0,26293.8,4111.1,0.5,False
2024-10-03,30608.0,26265.5,4077.2,1.07,False
2024-10-04,28000.0,26167.1,3995.0,0.46,False
2024-10-05,26591.0,26308.0,3930.2,0.07,False
2024-10-06,18411.0,26110.2,4174.1,-1.84,False
2024-10-07,28128.0,26201.4,4187.8,0.46,False
2024-10-08,25319.0,26325.2,4101.2,-0.25,False
2024-10-09,30718.0,26442.9,4176.8,1.02,False
2024-10-10,28820.0,26513.3,4199.1,0.55,False
2024-10-11,28221.0,26509.5,4197.5,0.41,False
2024-10-12,22257.0,26304.5,4251.4,-0.95,False
2024-10-13,20143.0,26084.6,4396.3,-1.35,False
2024-10-14,19092.0,25816.3,4571.7,-1.47,False
2024-10-15,30499.0,26069.8,4614.7,0.96,False
2024-10-16,31215.0,26141.5,4679.1,1.08,False
2024-10-17,32084.0,26145.7,4684.6,1.27,False
2024-10-18,28263.0,26006.1,4550.7,0.5,False
2024-10-19,22404.0,25653.0,4398.0,-0.74,False
2024-10-20,15474.0,25193.6,4716.8,-2.06,True
2024-10-21,27591.0,25139.4,4678.3,0.52,False
2024-10-22,31869.0,25586.5,4658.5,1.35,False
2024-10-23,31902.0,25834.2,4792.8,1.27,False
2024-10-24,32351.0,25881.6,4851.6,1.33,False
2024-10-25,24822.0,25843.2,4855.4,-0.21,False
2024-10-26,23350.0,25791.5,4874.0,-0.5,False
2024-10-27,24802.0,25968.3,4732.0,-0.25,False
2024-10-28,25705.0,25974.7,4731.5,-0.06,False
2024-10-29,30599.0,26361.9,4613.3,0.92,False
2024-10-30,31228.0,26653.4,4636.0,0.99,False
2024-10-31,31576.0,27013.5,4582.8,1.0,False
2024-11-01,27079.0,26970.7,4575.8,0.02,False
2024-11-02,23985.0,26749.9,4554.0,-0.61,False
2024-11-03,20596.0,26503.1,4682.7,-1.26,False
2024-11-04,27099.0,26520.1,4683.9,0.12,False
2024-11-05,29555.0,26891.5,4455.0,0.6,False
2024-11-06,28638.0,26908.5,4460.8,0.39,False
2024-11-07,28352.0,27009.6,4457.9,0.3,False
2024-11-08,25502.0,26835.8,4409.8,-0.3,False
2024-11-09,21204.0,26581.9,4509.7,-1.19,False
2024-11-10,18249.0,26249.5,4746.0,-1.69,False
2024-11-11,27159.0,26412.9,4687.8,0.16,False
2024-11-12,28041.0,26676.2,4543.1,0.3,False
2024-11-13,29517.0,27023.7,4337.0,0.57,False
2024-11-14,29433.0,26988.1,4311.9,0.57,False
2024-11-15,25653.0,26802.7,4242.9,-0.27,False
2024-11-16,21142.0,26438.0,4243.5,-1.25,False
2024-11-17,17349.0,26074.2,4539.2,-1.92,False
2024-11-18,19615.0,25981.2,4644.3,-1.37,False
2024-11-19,17590.0,26051.8,4492.8,-1.88,False
2024-11-20,25179.0,25971.4,4485.9,-0.18,False
2024-11-21,24397.0,25722.3,4352.6,-0.3,False
2024-11-22,22182.0,25398.3,4237.0,-0.76,False
2024-11-23,12081.0,24722.6,4682.8,-2.7,True
2024-11-24,13507.0,24345.5,5110.6,-2.12,True
2024-11-25,24626.0,24388.0,5107.4,0.05,False
2024-11-26,28001.0,24494.6,5149.5,0.68,False
2024-11-27,23682.0,24427.2,5146.4,-0.14,False
2024-11-28,26537.0,24291.8,5030.5,0.45,False
2024-11-29,24382.0,24063.6,4857.3,0.07,False
2024-11-30,21583.0,23730.5,4663.2,-0.46,False
2024-12-01,12964.0,23260.0,5012.6,-2.05,True
2024-12-02,24816.0,23287.7,5019.1,0.3,False
2024-12-03,27535.0,23519.0,5050.6,0.8,False
2024-12-04,26450.0,23497.4,5036.1,0.59,False
2024-12-05,21609.0,23232.5,4914.0,-0.33,False
2024-12-06,23492.0,23061.0,4807.4,0.09,False
2024-12-07,9905.0,22446.1,5265.3,-2.38,True
2024-12-08,8734.0,21887.1,5793.2,-2.27,True
2024-12-09,23020.0,21947.7,5795.3,0.19,False
2024-12-10,24698.0,22162.6,5773.0,0.44,False
2024-12-11,25221.0,22098.0,5725.8,0.55,False
2024-12-12,22735.0,21921.2,5616.8,0.14,False
2024-12-13,19557.0,21589.2,5444.0,-0.37,False
2024-12-14,17963.0,21206.8,5274.3,-0.62,False
2024-12-15,15246.0,20859.9,5313.8,-1.06,False
2024-12-16,21273.0,20864.3,5314.1,0.08,False
2024-12-17,22374.0,21031.8,5278.6,0.25,False
2024-12-18,19825.0,21038.8,5276.8,-0.23,False
2024-12-19,20105.0,21122.6,5240.0,-0.19,False
2024-12-20,15951.0,20815.0,5264.4,-0.92,False
2024-12-21,11043.0,20369.9,5510.0,-1.69,False
2024-12-22,8964.0,19929.3,5876.4,-1.87,False
2024-12-23,11315.0,19903.8,5913.2,-1.45,False
2024-12-24,9443.0,19768.3,6108.1,-1.69,False
2024-12-25,21563.0,19666.2,6049.4,0.31,False
2024-12-26,7741.0,18990.9,6215.5,-1.81,False
2024-12-27,9703.0,18524.9,6373.7,-1.38,False
2024-12-28,9244.0,17948.5,6406.0,-1.36,False
2024-12-29,8942.0,17433.8,6490.9,-1.31,False
2024-12-30,12318.0,17125.0,6507.1,-0.74,False
2024-12-31,12853.0,17121.3,6509.6,-0.66,False
2025-01-01,5404.0,16474.2,6680.9,-1.66,False
2025-01-02,13719.0,16013.7,6360.6,-0.36,False
2025-01-03,13681.0,15588.0,6058.2,-0.31,False
2025-01-04,10494.0,15217.5,6017.1,-0.79,False
2025-01-05,5938.0,14632.4,6038.1,-1.44,False
2025-01-06,14968.0,14801.2,5971.8,0.03,False
2025-01-07,20035.0,15177.9,5932.2,0.82,False
2025-01-08,19086.0,15046.7,5794.8,0.7,False
2025-01-09,21384.0,14936.3,5633.8,1.14,False
2025-01-10,17444.0,14677.0,5314.1,0.52,False
2025-01-11,13367.0,14364.8,5095.0,-0.2,False
2025-01-12,11087.0,14082.4,5031.6,-0.6,False
2025-01-13,21742.0,14208.4,5177.3,1.46,False
2025-01-14,25051.0,14535.2,5541.8,1.9,False
2025-01-15,23665.0,14615.0,5658.0,1.6,False
2025-01-16,25128.0,14706.8,5808.6,1.79,False
2025-01-17,21635.0,14767.1,5872.6,1.17,False
2025-01-18,16230.0,14637.9,5793.3,0.27,False
2025-01-19,13497.0,14556.1,5791.4,-0.18,False
2025-01-20,22708.0,14945.0,5937.2,1.31,False
2025-01-21,25362.0,15491.6,6119.6,1.61,False
2025-01-22,24298.0,15924.3,6271.2,1.34,False
2025-01-23,23054.0,16378.0,6278.5,1.06,False
2025-01-24,20394.0,16339.1,6248.8,0.65,False
2025-01-25,19215.0,16721.5,6052.4,0.41,False
2025-01-26,8957.0,16696.7,6083.7,-1.27,False
2025-01-27,19426.0,17036.1,5935.8,0.4,False
2025-01-28,20382.0,17417.4,5762.8,0.51,False
2025-01-29,26066.0,17875.7,5888.6,1.39,False
2025-01-30,26651.0,18335.6,6020.2,1.38,False
2025-01-31,17965.0,18754.3,5504.5,-0.14,False
2025-02-01,16725.0,18854.5,5436.6,-0.39,False
2025-02-02,16596.0,18951.7,5366.5,-0.44,False
2025-02-03,22896.0,19365.1,5166.5,0.68,False
2025-02-04,25625.0,20021.3,4624.1,1.21,False
2025-02-05,26389.0,20402.0,4663.6,1.28,False
2025-02-06,26095.0,20604.0,4777.1,1.15,False
2025-02-07,14754.0,20459.6,4888.7,-1.17,False
2025-02-08,12725.0,20171.0,5084.0,-1.46,False
2025-02-09,11602.0,19976.2,5299.3,-1.58,False
2025-02-10,18004.0,20130.8,5165.9,-0.41,False
2025-02-11,24450.0,20576.2,4929.9,0.79,False
2025-02-12,24469.0,20667.1,4977.0,0.76,False
2025-02-13,24552.0,20650.5,4962.7,0.79,False
2025-02-14,20800.0,20555.0,4930.1,0.05,False
2025-02-15,14380.0,20196.7,4976.7,-1.17,False
2025-02-16,13705.0,19932.4,5106.5,-1.22,False
2025-02-17,21263.0,20100.2,5063.2,0.23,False
2025-02-18,23915.0,20447.4,4950.7,0.7,False
2025-02-19,23927.0,20488.1,4974.9,0.69,False
2025-02-20,22514.0,20393.1,4905.3,0.43,False
2025-02-21,18233.0,20191.0,4863.7,-0.4,False
2025-02-22,18830.0,20050.2,4839.0,-0.25,False
2025-02-23,14415.0,19850.9,4946.3,-1.1,False
2025-02-24,19035.0,19844.9,4947.2,-0.16,False
2025-02-25,26641.0,20434.3,4649.7,1.33,False
2025-02-26,21986.0,20519.7,4654.1,0.32,False
2025-02-27,26301.0,20717.0,4772.0,1.17,False
2025-02-28,23457.0,20630.0,4694.3,0.6,False
2025-03-01,19744.0,20399.8,4556.2,-0.14,False
2025-03-02,18384.0,20413.7,4549.1,-0.45,False
2025-03-03,24651.0,20677.9,4557.6,0.87,False
2025-03-04,28021.0,21058.8,4680.5,1.49,False
2025-03-05,28417.0,21242.8,4860.3,1.48,False
2025-03-06,29197.0,21361.9,5012.7,1.56,False
2025-03-07,26444.0,21363.7,5014.6,1.01,False
2025-03-08,26507.0,21377.4,5028.6,1.02,False
2025-03-09,23817.0,21679.5,4887.2,0.44,False
2025-03-10,25176.0,22094.6,4622.0,0.67,False
2025-03-11,26947.0,22606.1,4255.3,1.02,False
2025-03-12,25973.0,22871.7,4206.6,0.74,False
2025-03-13,23777.0,22849.3,4199.7,0.22,False
2025-03-14,22334.0,22778.1,4189.4,-0.11,False
2025-03-15,20099.0,22629.7,4203.2,-0.6,False
2025-03-16,16390.0,22482.7,4344.1,-1.4,False
2025-03-17,23820.0,22797.3,4070.3,0.25,False
2025-03-18,27374.0,23253.0,3771.4,1.09,False
2025-03-19,29043.0,23512.3,3895.3,1.42,False
2025-03-20,30699.0,23738.4,4110.5,1.69,False
2025-03-21,26111.0,23811.2,4133.2,0.56,False
2025-03-22,23405.0,23840.9,4126.8,-0.11,False
2025-03-23,18268.0,23842.1,4125.1,-1.35,False
2025-03-24,26069.0,24083.4,4032.5,0.49,False
2025-03-25,27802.0,24529.6,3648.1,0.9,False
2025-03-26,29260.0,24870.5,3594.3,1.22,False
2025-03-27,30079.0,24985.1,3705.8,1.37,False
2025-03-28,24623.0,25073.0,3663.2,-0.12,False
2025-03-29,23999.0,24996.2,3660.7,-0.27,False
2025-03-30,21747.0,24939.2,3698.6,-0.86,False
2025-03-31,26950.0,25179.4,3581.8,0.49,False
2025-04-01,28168.0,25505.6,3381.5,0.79,False
2025-04-02,28943.0,25648.6,3434.5,0.96,False
2025-04-03,29582.0,25700.7,3483.1,1.11,False
2025-04-04,27381.0,25666.1,3460.4,0.5,False
2025-04-05,25439.0,25540.9,3395.5,-0.03,False
2025-04-06,21158.0,25364.7,3483.1,-1.21,False
2025-04-07,25749.0,25339.4,3477.3,0.12,False
2025-04-08,28367.0,25491.1,3507.7,0.82,False
2025-04-09,27123.0,25556.0,3519.6,0.45,False
2025-04-10,28088.0,25594.0,3541.3,0.7,False
2025-04-11,27640.0,25649.6,3560.4,0.56,False
2025-04-12,27090.0,25760.0,3551.7,0.37,False
2025-04-13,18958.0,25647.5,3713.8,-1.8,False
2025-04-14,24675.0,25800.0,3569.2,-0.32,False
2025-04-15,21452.0,25968.7,3210.7,-1.41,False
2025-04-16,27167.0,26080.3,3191.5,0.34,False
2025-04-17,26187.0,26040.7,3182.3,0.05,False
2025-04-18,19209.0,25712.9,3363.7,-1.93,False
2025-04-19,19021.0,25323.7,3441.6,-1.83,False
2025-04-20,15138.0,24957.9,3906.7,-2.51,True
2025-04-21,14810.0,24671.4,4318.0,-2.28,True
2025-04-22,26405.0,24942.6,4154.4,0.35,False
2025-04-23,22508.0,24823.9,4171.9,-0.56,False
2025-04-24,28946.0,24862.1,4205.2,0.97,False
2025-04-25,27009.0,24787.0,4143.6,0.54,False
2025-04-26,23594.0,24570.9,4025.5,-0.24,False
2025-04-27,24266.0,24559.0,4025.9,-0.07,False
2025-04-28,29974.0,24758.1,4143.3,1.26,False
2025-04-29,33604.0,25153.4,4403.5,1.92,False
2025-04-30,33782.0,25381.1,4668.3,1.8,False
2025-05-01,34936.0,25606.7,4962.0,1.88,False
2025-05-02,31643.0,25696.7,5048.3,1.18,False
2025-05-03,26698.0,25600.6,4999.0,0.22,False
2025-05-04,20569.0,25373.5,5069.5,-0.95,False
2025-05-05,17891.0,25121.9,5250.2,-1.38,False
2025-05-06,28202.0,25356.7,5224.3,0.54,False
2025-05-07,30335.0,25509.6,5302.7,0.91,False
2025-05-08,30942.0,25595.4,5370.9,1.0,False
2025-05-09,29017.0,25658.5,5400.6,0.62,False
2025-05-10,29277.0,25698.2,5423.3,0.66,False
2025-05-11,26005.0,25643.7,5411.3,0.07,False
2025-05-12,30664.0,25762.8,5483.1,0.89,False
2025-05-13,34096.0,26267.4,5531.7,1.42,False
2025-05-14,33727.0,26569.1,5686.5,1.26,False
2025-05-15,29944.0,26852.2,5634.1,0.55,False
2025-05-16,30024.0,26947.4,5663.7,0.54,False
2025-05-17,27642.0,26995.9,5663.2,0.11,False
2025-05-18,21904.0,27085.8,5555.8,-0.93,False
2025-05-19,29342.0,27429.8,5355.1,0.36,False
2025-05-20,33420.0,28039.2,4931.5,1.09,False
2025-05-21,27815.0,28472.7,4253.5,-0.15,False
2025-05-22,31012.0,28626.3,4259.5,0.56,False
2025-05-23,27584.0,28795.5,4106.1,-0.3,False
2025-05-24,20911.0,28527.6,4350.7,-1.75,False
2025-05-25,21621.0,28348.0,4523.3,-1.49,False
2025-05-26,18420.0,28175.6,4801.0,-2.03,True
2025-05-27,22771.0,28125.7,4850.5,-1.1,False
2025-05-28,29731.0,28117.6,4847.5,0.33,False
2025-05-29,25522.0,27848.2,4755.8,-0.49,False
2025-05-30,29238.0,27696.8,4631.0,0.33,False
2025-05-31,28682.0,27488.3,4430.3,0.27,False
2025-06-01,22190.0,27173.2,4460.7,-1.12,False
2025-06-02,28845.0,27244.8,4470.0,0.36,False
2025-06-03,26711.0,27449.5,4290.7,-0.17,False
2025-06-04,30175.0,27859.0,3917.0,0.59,False
2025-06-05,18823.0,27546.3,4248.9,-2.05,True
2025-06-06,26223.0,27409.3,4222.1,-0.28,False
2025-06-07,15952.0,26909.6,4654.4,-2.35,True
2025-06-08,22151.0,26680.7,4715.6,-0.96,False
2025-06-09,29276.0,26680.7,4715.6,0.55,False
2025-06-10,31612.0,26867.6,4798.3,0.99,False
2025-06-11,32463.0,26927.6,4858.2,1.14,False
2025-06-12,32336.0,26868.9,4778.7,1.14,False
2025-06-13,29122.0,26715.4,4622.2,0.52,False
2025-06-14,28083.0,26653.4,4589.7,0.31,False
2025-06-15,23693.0,26442.3,4574.9,-0.6,False
2025-06-16,30855.0,26549.4,4641.1,0.93,False
2025-06-17,33941.0,26950.7,4744.8,1.47,False
2025-06-18,34748.0,27130.9,4937.5,1.54,False
2025-06-19,34914.0,27180.7,5010.1,1.54,False
2025-06-20,31348.0,27298.4,5066.7,0.8,False
2025-06-21,28373.0,27210.5,5022.8,0.23,False
2025-06-22,24974.0,27123.5,5038.7,-0.43,False
2025-06-23,30491.0,27442.8,4933.8,0.62,False
2025-06-24,31531.0,27773.1,4861.8,0.77,False
2025-06-25,32390.0,28238.8,4596.9,0.9,False
2025-06-26,32054.0,28548.2,4528.1,0.77,False
2025-06-27,30313.0,28567.6,4534.6,0.38,False
2025-06-28,27619.0,28637.5,4502.0,-0.23,False
2025-06-29,25654.0,28518.1,4533.0,-0.63,False
2025-06-30,31579.0,28614.6,4567.3,0.65,False
2025-07-01,33740.0,28999.6,4493.3,1.05,False
2025-07-02,30749.0,29063.1,4504.5,0.37,False
2025-07-03,34420.0,29320.1,4584.8,1.11,False
2025-07-04,31142.0,29352.3,4594.5,0.39,False
2025-07-05,24878.0,29554.1,4234.9,-1.1,False
2025-07-06,21358.0,29392.0,4454.3,-1.8,False
2025-07-07,26710.0,29750.6,3705.0,-0.82,False
2025-07-08,34565.0,30164.4,3515.4,1.25,False
2025-07-09,34217.0,30329.1,3587.3,1.08,False
2025-07-10,35176.0,30447.9,3688.8,1.28,False
2025-07-11,31757.0,30424.3,3677.8,0.36,False
2025-07-12,28440.0,30294.5,3676.7,-0.5,False
2025-07-13,25479.0,30173.0,3775.6,-1.24,False
2025-07-14,30949.0,30268.6,3757.1,0.18,False
2025-07-15,31515.0,30529.3,3550.8,0.28,False
2025-07-16,33189.0,30607.1,3583.6,0.72,False
2025-07-17,31948.0,30540.7,3537.9,0.4,False
2025-07-18,30139.0,30387.0,3447.8,-0.07,False
2025-07-19,15490.0,29739.6,4289.4,-3.32,True
2025-07-20,20392.0,29374.4,4602.7,-1.95,False
2025-07-21,25234.0,29269.7,4661.6,-0.87,False
2025-07-22,30410.0,29450.9,4594.0,0.21,False
2025-07-23,30551.0,29452.9,4594.5,0.24,False
2025-07-24,27714.0,29325.7,4587.8,-0.35,False
2025-07-25,30065.0,29248.2,4553.8,0.18,False
2025-07-26,25996.0,29046.3,4559.4,-0.67,False
2025-07-27,23037.0,28803.7,4681.5,-1.23,False
2025-07-28,29868.0,28878.7,4679.9,0.21,False
2025-07-29,30913.0,29054.0,4653.4,0.4,False
2025-07-30,32190.0,29074.4,4666.1,0.67,False
2025-07-31,26457.0,28831.6,4604.1,-0.52,False
2025-08-01,26290.0,28683.0,4612.0,-0.52,False
2025-08-02,24544.0,28353.8,4540.3,-0.84,False
2025-08-03,23555.0,28100.9,4590.7,-0.99,False
2025-08-04,26149.0,28143.2,4565.7,-0.44,False
2025-08-06,30069.0,28433.6,4393.0,0.37,False
2025-08-07,29723.0,28534.0,4386.7,0.27,False
2025-08-08,24686.0,28204.7,4288.0,-0.82,False
2025-08-09,26107.0,27934.4,4149.3,-0.44,False
2025-08-10,30638.0,27783.1,3954.4,0.72,False
2025-08-11,28359.0,27669.9,3884.7,0.18,False
2025-08-12,31624.0,27776.0,3949.4,0.97,False
2025-08-13,29180.0,27899.4,3932.9,0.33,False
2025-08-14,30844.0,27895.9,3930.2,0.75,False
2025-08-15,28466.0,27794.2,3872.4,0.17,False
2025-08-16,23768.0,27480.2,3801.1,-0.98,False
2025-08-17,31718.0,27472.5,3792.0,1.12,False
2025-08-18,26748.0,27359.5,3760.2,-0.16,False
2025-08-19,29672.0,27832.2,3038.8,0.61,False
2025-08-20,29327.0,28130.1,2703.8,0.44,False
2025-08-21,27691.0,28212.0,2649.7,-0.2,False
2025-08-22,25438.0,28046.2,2663.0,-0.98,False
2025-08-23,22735.0,27785.7,2788.8,-1.81,False
2025-08-24,26691.0,27751.6,2796.0,-0.38,False
2025-08-25,23093.0,27519.2,2885.4,-1.53,False
2025-08-26,26896.0,27549.2,2873.7,-0.23,False
2025-08-27,27362.0,27693.4,2745.1,-0.12,False
2025-08-28,27847.0,27626.0,2714.5,0.08,False
2025-08-29,19582.0,27248.3,3013.3,-2.54,True
2025-08-30,20279.0,26851.3,3122.4,-2.1,True
2025-08-31,25675.0,26825.2,3129.1,-0.37,False
2025-09-01,24168.0,26754.5,3165.4,-0.82,False
2025-09-02,26687.0,26825.9,3137.8,-0.04,False
2025-09-03,21133.0,26745.2,3253.9,-1.72,False
2025-09-04,26486.0,26756.4,3252.3,-0.08,False
2025-09-05,27693.0,26677.2,3197.4,0.32,False
2025-09-06,25678.0,26542.4,3149.4,-0.27,False
2025-09-07,27351.0,26631.2,3132.8,0.23,False
2025-09-08,41193.0,27134.1,4105.5,3.42,True
2025-09-09,45824.0,27640.3,5311.5,3.42,True
2025-09-10,37536.0,27946.2,5610.2,1.71,False
2025-09-11,42067.0,28294.3,6144.8,2.24,True
2025-09-12,27294.0,28231.4,6145.0,-0.15,False
2025-09-13,22165.0,27942.1,6221.6,-0.93,False
2025-09-14,15252.0,27501.6,6637.1,-1.85,False
2025-09-15,26726.0,27600.2,6601.6,-0.13,False
2025-09-16,31641.0,27597.7,6600.0,0.61,False
2025-09-17,28583.0,27658.8,6600.4,0.14,False
2025-09-18,31687.0,27726.0,6631.7,0.6,False
2025-09-19,31071.0,27784.1,6653.8,0.49,False
2025-09-20,24230.0,27668.8,6685.4,-0.51,False
2025-09-21,21817.0,27548.1,6759.4,-0.85,False
2025-09-22,28756.0,27748.8,6700.7,0.15,False
2025-09-23,31289.0,27902.0,6728.2,0.5,False
2025-09-24,31834.0,28193.4,6702.0,0.54,False
2025-09-25,32476.0,28379.4,6742.0,0.61,False
2025-09-26,27708.0,28390.9,6740.5,-0.1,False
2025-09-27,25523.0,28313.5,6760.3,-0.41,False
2025-09-28,18199.0,28267.4,6826.3,-1.47,False
2025-09-29,29911.0,28588.4,6662.2,0.2,False
2025-09-30,34372.0,28878.3,6720.0,0.82,False
2025-10-01,32292.0,29149.1,6687.2,0.47,False
2025-10-02,32435.0,29340.7,6696.6,0.46,False
2025-10-03,20571.0,29322.0,6721.1,-1.3,False
2025-10-04,21924.0,29169.9,6838.1,-1.06,False
2025-10-05,20393.0,28926.6,7019.9,-1.22,False
2025-10-06,31435.0,29118.5,7006.7,0.33,False
2025-10-07,33209.0,29313.8,7037.3,0.55,False
2025-10-08,33307.0,29050.9,6718.3,0.63,False
2025-10-09,33782.0,28649.5,6003.3,0.85,False
2025-10-10,29726.0,28389.2,5769.5,0.23,False
2025-10-11,26617.0,27874.2,5164.2,-0.24,False
2025-10-12,22172.0,27703.4,5267.7,-1.05,False
2025-10-13,29858.0,27959.9,5175.2,0.37,False
2025-10-14,31942.0,28516.2,4630.5,0.74,False
2025-10-15,32085.0,28694.8,4662.3,0.73,False
2025-10-16,29493.0,28623.2,4631.9,0.19,False
2025-10-17,28042.0,28605.2,4633.1,-0.12,False
2025-10-18,24472.0,28364.7,4654.8,-0.84,False
2025-10-19,14381.0,27808.4,5276.1,-2.54,True
2025-10-20,18824.0,27628.2,5490.5,-1.6,False
2025-10-21,31017.0,27934.8,5411.1,0.57,False
2025-10-22,29926.0,27973.8,5421.4,0.36,False
2025-10-23,23108.0,27701.1,5454.6,-0.84,False
2025-10-24,26825.0,27534.2,5400.1,-0.13,False
2025-10-25,22257.0,27193.5,5399.9,-0.91,False
2025-10-26,18165.0,26875.4,5644.1,-1.54,False
2025-10-27,27264.0,26933.5,5638.7,0.06,False
2025-10-28,30499.0,27343.5,5424.8,0.58,False
2025-10-29,23645.0,27134.6,5443.1,-0.64,False
2025-10-30,29857.0,26984.1,5296.6,0.54,False
2025-10-31,21083.0,26610.5,5304.6,-1.04,False
2025-11-01,20056.0,26197.8,5317.3,-1.16,False
2025-11-02,18062.0,26114.2,5427.5,-1.48,False
2025-11-03,25505.0,26233.6,5371.2,-0.14,False
2025-11-04,30023.0,26554.6,5297.4,0.65,False
2025-11-05,30255.0,26515.2,5264.2,0.71,False
2025-11-06,29954.0,26406.7,5153.8,0.69,False
2025-11-07,25432.0,26144.2,4988.2,-0.14,False
2025-11-08,23188.0,25791.1,4800.3,-0.54,False
2025-11-09,20146.0,25471.8,4847.9,-1.1,False
2025-11-10,23653.0,25373.0,4853.9,-0.35,False
2025-11-11,30157.0,25639.1,4891.2,0.92,False
2025-11-12,31481.0,25693.2,4948.1,1.17,False
2025-11-13,28344.0,25573.3,4833.7,0.57,False
2025-11-14,18706.0,25127.3,4829.4,-1.33,False
2025-11-15,21509.0,24861.2,4800.4,-0.7,False
2025-11-16,17931.0,24524.2,4922.7,-1.34,False
2025-11-17,26159.0,24580.4,4931.8,0.32,False
2025-11-18,27926.0,25031.9,4572.8,0.63,False
2025-11-19,22066.0,25140.0,4457.9,-0.69,False
2025-11-20,25708.0,24963.0,4319.7,0.17,False
2025-11-21,23137.0,24736.7,4227.6,-0.38,False
2025-11-22,11414.0,24346.9,4872.8,-2.65,True
2025-11-23,15737.0,23977.3,5093.9,-1.62,False
2025-11-24,23360.0,24014.1,5085.0,-0.13,False
2025-11-25,28064.0,24344.0,5013.1,0.74,False
2025-11-26,27089.0,24338.2,5009.6,0.55,False
2025-11-27,27542.0,24239.6,4912.4,0.67,False
2025-11-28,25709.0,24308.4,4918.2,0.28,False
2025-11-29,16984.0,23879.3,4978.6,-1.38,False
2025-11-30,17536.0,23761.1,5088.2,-1.22,False
2025-12-01,20262.0,23768.0,5083.2,-0.69,False
2025-12-02,26626.0,24053.4,4991.4,0.52,False
2025-12-03,27235.0,24111.1,5018.6,0.62,False
2025-12-04,21865.0,23839.2,4907.0,-0.4,False
2025-12-05,21491.0,23547.0,4770.9,-0.43,False
2025-12-06,18134.0,23153.0,4711.2,-1.07,False
2025-12-07,12760.0,22730.6,5055.4,-1.97,False
2025-12-08,23889.0,22754.0,5059.2,0.22,False
2025-12-09,25890.0,22945.5,5065.7,0.58,False
2025-12-10,28702.0,23113.8,5172.8,1.08,False
2025-12-11,28231.0,23049.6,5093.7,1.02,False
2025-12-12,23720.0,22790.9,4841.6,0.19,False
2025-12-13,20851.0,22541.1,4737.4,-0.36,False
2025-12-14,16450.0,22465.9,4817.6,-1.25,False
2025-12-15,23000.0,22515.6,4815.1,0.1,False
2025-12-16,23354.0,22696.4,4738.2,0.14,False
2025-12-17,23295.0,22600.9,4694.7,0.15,False
2025-12-18,15815.0,22197.2,4741.5,-1.35,False
2025-12-19,20111.0,22132.0,4756.7,-0.42,False
2025-12-20,14933.0,21772.9,4882.5,-1.4,False
2025-12-21,9503.0,21318.4,5362.2,-2.2,True
2025-12-22,15833.0,21465.7,5136.7,-1.1,False
2025-12-23,13207.0,21381.4,5253.4,-1.56,False
2025-12-24,8603.0,20889.5,5730.9,-2.14,True
2025-12-25,15085.0,20456.8,5660.1,-0.95,False
2025-12-26,6562.0,19772.6,6057.5,-2.18,True
2025-12-27,8897.0,19151.1,6187.9,-1.66,False
2025-12-28,8765.0,18586.3,6340.1,-1.55,False
2025-12-29,11285.0,18396.3,6473.8,-1.1,False
2025-12-30,12203.0,18218.6,6570.7,-0.92,False
2025-12-31,11362.0,17921.9,6675.3,-0.98,False
