month_start,ride_date,daily_rides,demand_rank
2020-01-01,2020-01-29,28724.0,1
2020-01-01,2020-01-21,28491.0,2
2020-01-01,2020-01-23,28179.0,3
2020-02-01,2020-02-05,29444.0,1
2020-02-01,2020-02-06,29234.0,2
2020-02-01,2020-02-04,29115.0,3
2020-03-01,2020-03-11,29462.0,1
2020-03-01,2020-03-03,28939.0,2
2020-03-01,2020-03-10,27868.0,3
2020-04-01,2020-04-19,39432.0,1
2020-04-01,2020-04-26,38285.0,2
2020-04-01,2020-04-25,37525.0,3
2020-05-01,2020-05-30,69032.0,1
2020-05-01,2020-05-25,65924.0,2
2020-05-01,2020-05-31,62001.0,3
2020-06-01,2020-06-13,63994.0,1
2020-06-01,2020-06-20,63048.0,2
2020-06-01,2020-06-14,56622.0,3
2020-07-01,2020-07-18,55809.0,1
2020-07-01,2020-07-11,50569.0,2
2020-07-01,2020-07-12,48852.0,3
2020-08-01,2020-08-01,48870.0,1
2020-08-01,2020-08-08,46942.0,2
2020-08-01,2020-08-09,44027.0,3
2020-09-01,2020-09-19,51025.0,1
2020-09-01,2020-09-20,47110.0,2
2020-09-01,2020-09-12,46931.0,3
2020-10-01,2020-10-10,34351.0,1
2020-10-01,2020-10-01,33999.0,2
2020-10-01,2020-10-07,33818.0,3
2020-11-01,2020-11-07,39859.0,1
2020-11-01,2020-11-04,36523.0,2
2020-11-01,2020-11-21,34803.0,3
2020-12-01,2020-12-05,31014.0,1
2020-12-01,2020-12-12,28846.0,2
2020-12-01,2020-12-15,25748.0,3
2021-01-01,2021-01-17,24580.0,1
2021-01-01,2021-01-23,24137.0,2
2021-01-01,2021-01-09,19463.0,3
2021-02-01,2021-02-27,51673.0,1
2021-02-01,2021-02-20,39331.0,2
2021-02-01,2021-02-21,33111.0,3
2021-03-01,2021-03-30,49114.0,1
2021-03-01,2021-03-31,39837.0,2
2021-03-01,2021-03-27,39620.0,3
2021-04-01,2021-04-04,46711.0,1
2021-04-01,2021-04-24,44746.0,2
2021-04-01,2021-04-17,42443.0,3
2021-05-01,2021-05-31,52517.0,1
2021-05-01,2021-05-29,49256.0,2
2021-05-01,2021-05-30,47191.0,3
2021-06-01,2021-06-05,56194.0,1
2021-06-01,2021-06-12,55680.0,2
2021-06-01,2021-06-26,49445.0,3
2021-07-01,2021-07-17,51453.0,1
2021-07-01,2021-07-22,46032.0,2
2021-07-01,2021-07-18,46029.0,3
2021-08-01,2021-08-14,44739.0,1
2021-08-01,2021-08-04,43709.0,2
2021-08-01,2021-08-11,42690.0,3
2021-09-01,2021-09-18,50778.0,1
2021-09-01,2021-09-25,48026.0,2
2021-09-01,2021-09-07,46207.0,3
2021-10-01,2021-10-09,47379.0,1
2021-10-01,2021-10-06,40534.0,2
2021-10-01,2021-10-14,40312.0,3
2021-11-01,2021-11-18,35993.0,1
2021-11-01,2021-11-11,35499.0,2
2021-11-01,2021-11-17,35237.0,3
2021-12-01,2021-12-02,29588.0,1
2021-12-01,2021-12-08,29319.0,2
2021-12-01,2021-12-01,28620.0,3
2022-01-01,2022-01-29,31779.0,1
2022-01-01,2022-01-27,29499.0,2
2022-01-01,2022-01-26,28851.0,3
2022-02-01,2022-02-26,33628.0,1
2022-02-01,2022-02-02,32730.0,2
2022-02-01,2022-02-10,32338.0,3
2022-03-01,2022-03-03,55978.0,1
2022-03-01,2022-03-26,50367.0,2
2022-03-01,2022-03-23,40973.0,3
2022-04-01,2022-04-15,43511.0,1
2022-04-01,2022-04-30,42691.0,2
2022-04-01,2022-04-16,42496.0,3
2022-05-01,2022-05-14,53418.0,1
2022-05-01,2022-05-21,45809.0,2
2022-05-01,2022-05-22,45421.0,3
2022-06-01,2022-06-21,64194.0,1
2022-06-01,2022-06-22,53917.0,2
2022-06-01,2022-06-17,48821.0,3
2022-07-01,2022-07-16,47720.0,1
2022-07-01,2022-07-09,46587.0,2
2022-07-01,2022-07-13,46348.0,3
2022-08-01,2022-08-19,66409.0,1
2022-08-01,2022-08-20,47613.0,2
2022-08-01,2022-08-10,44206.0,3
2022-09-01,2022-09-03,37716.0,1
2022-09-01,2022-09-01,37513.0,2
2022-09-01,2022-09-07,36211.0,3
2022-10-01,2022-10-11,32976.0,1
2022-10-01,2022-10-06,32911.0,2
2022-10-01,2022-10-18,32134.0,3
2022-11-01,2022-11-10,44491.0,1
2022-11-01,2022-11-11,30372.0,2
2022-11-01,2022-11-09,28390.0,3
2022-12-01,2022-12-01,27290.0,1
2022-12-01,2022-12-06,25799.0,2
2022-12-01,2022-12-07,24522.0,3
2023-01-01,2023-01-31,25284.0,1
2023-01-01,2023-01-24,23512.0,2
2023-01-01,2023-01-11,22946.0,3
2023-02-01,2023-02-21,25510.0,1
2023-02-01,2023-02-09,25065.0,2
2023-02-01,2023-02-02,24988.0,3
2023-03-01,2023-03-15,35223.0,1
2023-03-01,2023-03-21,26442.0,2
2023-03-01,2023-03-16,25355.0,3
2023-04-01,2023-04-19,28213.0,1
2023-04-01,2023-04-25,27546.0,2
2023-04-01,2023-04-04,27178.0,3
2023-05-01,2023-05-24,32732.0,1
2023-05-01,2023-05-18,32622.0,2
2023-05-01,2023-05-23,31552.0,3
2023-06-01,2023-06-21,34400.0,1
2023-06-01,2023-06-14,34133.0,2
2023-06-01,2023-06-15,33994.0,3
2023-07-01,2023-07-06,33419.0,1
2023-07-01,2023-07-18,32021.0,2
2023-07-01,2023-07-12,32002.0,3
2023-08-01,2023-08-09,31797.0,1
2023-08-01,2023-08-16,31139.0,2
2023-08-01,2023-08-23,31121.0,3
2023-09-01,2023-09-14,33728.0,1
2023-09-01,2023-09-27,32974.0,2
2023-09-01,2023-09-07,32955.0,3
2023-10-01,2023-10-10,34751.0,1
2023-10-01,2023-10-05,32855.0,2
2023-10-01,2023-10-03,32327.0,3
2023-11-01,2023-11-07,28644.0,1
2023-11-01,2023-11-23,28428.0,2
2023-11-01,2023-11-15,27748.0,3
2023-12-01,2023-12-06,23486.0,1
2023-12-01,2023-12-11,23316.0,2
2023-12-01,2023-12-08,22651.0,3
2024-01-01,2024-01-25,24630.0,1
2024-01-01,2024-01-24,24607.0,2
2024-01-01,2024-01-31,24452.0,3
2024-02-01,2024-02-20,25161.0,1
2024-02-01,2024-02-15,24853.0,2
2024-02-01,2024-02-01,24760.0,3
2024-03-01,2024-03-20,28339.0,1
2024-03-01,2024-03-21,28171.0,2
2024-03-01,2024-03-19,27047.0,3
2024-04-01,2024-04-30,30708.0,1
2024-04-01,2024-04-13,27897.0,2
2024-04-01,2024-04-11,27753.0,3
2024-05-01,2024-05-09,34867.0,1
2024-05-01,2024-05-10,32848.0,2
2024-05-01,2024-05-15,32686.0,3
2024-06-01,2024-06-25,35193.0,1
2024-06-01,2024-06-26,34526.0,2
2024-06-01,2024-06-20,33747.0,3
2024-07-01,2024-07-30,34732.0,1
2024-07-01,2024-07-31,34602.0,2
2024-07-01,2024-07-18,33633.0,3
2024-08-01,2024-08-13,33339.0,1
2024-08-01,2024-08-14,32006.0,2
2024-08-01,2024-08-28,31389.0,3
2024-09-01,2024-09-19,32997.0,1
2024-09-01,2024-09-18,32452.0,2
2024-09-01,2024-09-17,31957.0,3
2024-10-01,2024-10-24,32351.0,1
2024-10-01,2024-10-17,32084.0,2
2024-10-01,2024-10-23,31902.0,3
2024-11-01,2024-11-05,29555.0,1
2024-11-01,2024-11-13,29517.0,2
2024-11-01,2024-11-14,29433.0,3
2024-12-01,2024-12-03,27535.0,1
2024-12-01,2024-12-04,26450.0,2
2024-12-01,2024-12-11,25221.0,3
2025-01-01,2025-01-30,26651.0,1
2025-01-01,2025-01-29,26066.0,2
2025-01-01,2025-01-21,25362.0,3
2025-02-01,2025-02-25,26641.0,1
2025-02-01,2025-02-05,26389.0,2
2025-02-01,2025-02-27,26301.0,3
2025-03-01,2025-03-20,30699.0,1
2025-03-01,2025-03-27,30079.0,2
2025-03-01,2025-03-26,29260.0,3
2025-04-01,2025-04-30,33782.0,1
2025-04-01,2025-04-29,33604.0,2
2025-04-01,2025-04-28,29974.0,3
2025-05-01,2025-05-01,34936.0,1
2025-05-01,2025-05-13,34096.0,2
2025-05-01,2025-05-14,33727.0,3
2025-06-01,2025-06-19,34914.0,1
2025-06-01,2025-06-18,34748.0,2
2025-06-01,2025-06-17,33941.0,3
2025-07-01,2025-07-10,35176.0,1
2025-07-01,2025-07-08,34565.0,2
2025-07-01,2025-07-03,34420.0,3
2025-08-01,2025-08-17,31718.0,1
2025-08-01,2025-08-12,31624.0,2
2025-08-01,2025-08-14,30844.0,3
2025-09-01,2025-09-09,45824.0,1
2025-09-01,2025-09-11,42067.0,2
2025-09-01,2025-09-08,41193.0,3
2025-10-01,2025-10-09,33782.0,1
2025-10-01,2025-10-08,33307.0,2
2025-10-01,2025-10-07,33209.0,3
2025-11-01,2025-11-12,31481.0,1
2025-11-01,2025-11-05,30255.0,2
2025-11-01,2025-11-11,30157.0,3
2025-12-01,2025-12-10,28702.0,1
2025-12-01,2025-12-11,28231.0,2
2025-12-01,2025-12-03,27235.0,3
